,player,team,pos,season,gp,mp,index,ftr,orb_pct,ast_vs_tov,usg_pct,pct_close_shots,pct_mid_range,pct_of_twos_assisted,pct_of_threes_corner,pct_of_threes_assisted,3par,cluster
0,Natalie Achonwa,IND,F,2018,34,883,0,0.365,10.6,0.839,17.5,0.611,0.388,0.803,0.0,0.0,0.0,0
1,Kayla Alexander,IND,C,2018,30,257,1,0.279,8.9,0.152,15.5,0.656,0.344,0.818,0.0,0.0,0.0,2
2,Lindsay Allen,LVA,G,2018,24,358,2,0.329,0.9,1.368,12.5,0.28800000000000003,0.493,0.222,0.0,1.0,0.219,3
3,Rebecca Allen,NYL,G,2018,28,291,3,0.248,5.1,0.368,19.9,0.178,0.44599999999999995,0.643,0.237,1.0,0.376,1
4,Ariel Atkins,WAS,G,2018,29,652,4,0.183,5.1,1.383,23.9,0.237,0.309,0.52,0.167,0.889,0.453,5
5,Seimone Augustus,MIN,G-F,2018,33,864,5,0.102,0.7,1.65,20.4,0.19799999999999998,0.605,0.548,0.212,0.952,0.198,4
6,Rachel Banham,CON,G,2018,33,424,6,0.286,1.6,1.486,17.1,0.158,0.23299999999999998,0.4,0.173,0.933,0.609,3
7,Alana Beard,LAS,G-F,2018,30,766,7,0.162,5.6,0.754,9.9,0.438,0.523,0.735,0.4,1.0,0.038,2
8,Hind Ben Abdelkader,IND,G,2018,14,142,8,0.186,0.8,0.541,19.1,0.093,0.232,0.5,0.172,0.833,0.674,4
9,Monique Billings,ATL,F,2018,32,353,9,0.344,11.5,0.466,14.9,0.645,0.355,0.707,0.0,0.0,0.0,2
10,Sue Bird,SEA,G,2018,31,824,10,0.117,0.7,2.2,17.5,0.10600000000000001,0.353,0.418,0.097,0.75,0.543,3
11,Kelsey Bone,LVA,C,2018,32,344,11,0.225,6.2,0.657,14.7,0.575,0.42500000000000004,0.725,0.0,0.0,0.0,2
12,DeWanna Bonner,PHO,F-G,2018,34,1120,12,0.293,5.3,1.792,23.6,0.42200000000000004,0.195,0.51,0.182,0.855,0.383,5
13,Brittany Boyd,NYL,G,2018,30,613,13,0.314,1.9,1.422,20.2,0.5740000000000001,0.266,0.283,0.111,0.5,0.16,4
14,Imani McGee-Stafford,ATL,C,2018,29,305,14,0.174,14.0,0.477,16.5,0.523,0.476,0.718,0.0,0.0,0.0,0
15,Jessica Breland,ATL,F,2018,34,899,15,0.152,7.1,0.795,17.7,0.393,0.607,0.839,0.0,0.0,0.0,1
16,Lexie Brown,CON,G,2018,22,124,16,0.159,0.9,0.743,19.9,0.182,0.159,0.0,0.138,0.889,0.659,4
17,Rebekkah Brunson,MIN,F,2018,25,691,17,0.31,6.4,0.76,14.2,0.392,0.30400000000000005,0.739,0.042,1.0,0.304,2
18,Liz Cambage,DAL,C,2018,32,945,18,0.485,9.3,1.231,30.1,0.756,0.16499999999999998,0.628,0.0,1.0,0.078,6
19,Jordin Canada,SEA,G,2018,33,543,19,0.357,2.0,1.395,22.2,0.379,0.319,0.236,0.073,0.5,0.302,4
20,Essence Carson,LAS,G,2018,34,786,20,0.069,1.5,0.778,15.7,0.164,0.371,0.71,0.093,0.923,0.466,3
21,Tina Charles,NYL,C,2018,33,1088,21,0.219,6.6,1.28,29.2,0.495,0.335,0.681,0.032,0.871,0.171,6
22,Karima Christmas-Kelly,DAL,F-G,2018,6,167,22,1.103,7.7,0.42,13.6,0.5519999999999999,0.137,0.556,0.111,0.5,0.31,2
23,Alysha Clark,SEA,F,2018,31,813,23,0.225,4.6,0.648,12.6,0.439,0.133,0.63,0.405,1.0,0.428,3
24,Natasha Cloud,WAS,G,2018,27,715,24,0.132,1.0,1.593,16.8,0.353,0.24,0.211,0.12,0.875,0.407,3
25,Alaina Coates,CHI,C,2018,32,364,25,0.541,13.1,0.35,13.3,0.892,0.10900000000000001,0.738,0.0,0.0,0.0,2
26,Nia Coffey,LVA,F,2018,28,386,26,0.496,6.1,0.368,22.8,0.525,0.438,0.6,0.0,1.0,0.036,1
27,Marissa Coleman,NYL,G-F,2018,21,384,27,0.052,3.9,0.91,15.4,0.156,0.469,0.571,0.302,1.0,0.374,3
28,Kahleah Copper,CHI,G-F,2018,33,524,28,0.275,4.0,0.512,22.2,0.42600000000000005,0.26,0.596,0.234,1.0,0.314,4
29,Monique Currie,WAS,F,2018,32,508,29,0.413,4.2,0.538,21.8,0.308,0.354,0.588,0.121,0.882,0.337,4
30,Damiris Dantas,ATL,F,2018,19,255,30,0.186,7.3,1.241,19.6,0.422,0.361,0.838,0.095,1.0,0.216,1
31,Kaela Davis,DAL,F,2018,27,453,31,0.271,3.4,0.702,18.6,0.382,0.333,0.475,0.146,0.9,0.285,4
32,Elena Delle Donne,WAS,F-G,2018,29,933,32,0.275,5.5,2.667,26.2,0.348,0.384,0.462,0.025,0.898,0.268,6
33,Diamond DeShields,CHI,G,2018,34,967,33,0.358,4.7,0.963,24.1,0.45999999999999996,0.22799999999999998,0.532,0.311,0.95,0.312,5
34,Blake Dietrick,ATL,G,2018,26,186,34,0.171,1.2,0.36,11.6,0.28600000000000003,0.058,1.0,0.478,1.0,0.657,3
35,Skylar Diggins-Smith,DAL,G,2018,32,1092,35,0.39,2.3,2.369,24.4,0.44,0.186,0.23,0.081,0.549,0.373,5
36,Stefanie Dolson,CHI,C,2018,27,745,36,0.14,3.3,1.061,17.4,0.441,0.33199999999999996,0.809,0.077,1.0,0.227,3
37,Candice Dupree,IND,F,2018,32,1006,37,0.177,4.0,1.0,22.1,0.352,0.6459999999999999,0.631,0.0,0.0,0.002,4
38,Temi Fagbenle,MIN,C,2018,30,283,38,0.299,11.9,0.48,17.5,0.585,0.41600000000000004,0.615,0.0,0.0,0.0,0
39,Jamierra Faulkner,CHI,G,2018,17,360,39,0.179,1.7,1.497,22.2,0.373,0.157,0.148,0.175,0.789,0.47,4
40,Sylvia Fowles,MIN,C,2018,34,1087,40,0.441,13.5,0.685,23.4,0.9249999999999999,0.075,0.747,0.0,0.0,0.0,0
41,Cayla George,DAL,C,2018,23,245,41,0.077,7.2,0.709,16.6,0.218,0.28200000000000003,0.818,0.154,1.0,0.5,2
42,Allisha Gray,DAL,G,2018,34,907,42,0.383,5.2,0.993,15.9,0.43899999999999995,0.113,0.457,0.234,0.933,0.448,3
43,Chelsea Gray,LAS,G,2018,34,1111,43,0.243,1.8,1.778,22.3,0.32799999999999996,0.428,0.265,0.031,0.895,0.243,4
44,Brittney Griner,PHO,C,2018,34,1108,44,0.419,7.2,1.033,27.3,0.7090000000000001,0.28200000000000003,0.823,0.0,1.0,0.008,6
45,Marie Gulich,PHO,C,2018,23,115,45,0.276,9.9,0.098,18.2,0.5169999999999999,0.482,0.714,0.0,0.0,0.0,0
46,Jazmon Gwathmey,IND,G,2018,10,116,46,0.256,1.9,0.878,19.7,0.359,0.358,0.5,0.545,1.0,0.282,4
47,Dearica Hamby,LVA,F,2018,33,474,47,0.354,8.7,0.955,21.7,0.492,0.251,0.722,0.022,1.0,0.257,1
48,Linnae Harper,CHI,G,2018,24,146,48,0.213,3.3,1.589,18.8,0.42500000000000004,0.29800000000000004,0.267,0.077,1.0,0.277,4
49,Bria Hartley,NYL,G,2018,34,806,49,0.245,3.5,1.324,20.3,0.344,0.215,0.388,0.077,0.722,0.442,4
50,Tianna Hawkins,WAS,F,2018,32,532,50,0.093,8.0,0.465,19.5,0.487,0.131,0.625,0.071,1.0,0.383,1
51,Tiffany Hayes,ATL,G,2018,31,897,51,0.421,3.4,1.768,25.4,0.5289999999999999,0.14500000000000002,0.378,0.168,0.714,0.327,5
52,Myisha Hines-Allen,WAS,F,2018,24,252,52,0.325,13.6,0.711,18.3,0.575,0.388,0.286,0.333,1.0,0.038,0
53,Natasha Howard,SEA,F,2018,34,869,53,0.325,11.1,0.43,22.4,0.681,0.156,0.703,0.0,0.941,0.163,0
54,Briann January,PHO,G,2018,33,895,54,0.198,2.0,0.974,12.5,0.14300000000000002,0.307,0.367,0.23,0.979,0.549,3
55,Moriah Jefferson,LVA,G,2018,16,251,55,0.241,2.2,1.462,19.2,0.252,0.575,0.267,0.067,1.0,0.172,4
56,Glory Johnson,DAL,F,2018,29,652,56,0.289,8.5,0.655,17.7,0.45599999999999996,0.28,0.662,0.056,0.882,0.265,1
57,Alexis Jones,MIN,G,2018,26,229,57,0.088,2.6,0.836,22.1,0.21999999999999997,0.23099999999999998,0.188,0.08,0.75,0.549,4
58,Brionna Jones,CON,F,2018,27,242,58,0.516,11.3,0.207,16.9,0.7819999999999999,0.219,0.6,0.0,0.0,0.0,2
59,Jonquel Jones,CON,F,2018,34,697,59,0.292,11.6,0.855,22.3,0.499,0.107,0.667,0.028,0.98,0.395,0
60,Betnijah Laney,CON,G-F,2018,29,271,60,0.157,8.4,0.614,14.5,0.5860000000000001,0.286,0.375,0.222,1.0,0.129,2
61,Crystal Langhorne,SEA,F-C,2018,26,362,61,0.173,5.7,0.215,17.0,0.605,0.356,0.538,0.0,0.0,0.038,1
62,Erlana Larkins,MIN,F,2018,13,168,62,0.111,9.3,0.61,10.1,0.666,0.333,0.833,0.0,0.0,0.0,2
63,Jantel Lavender,LAS,F,2018,30,511,63,0.126,7.9,0.461,18.4,0.333,0.5660000000000001,0.846,0.0,1.0,0.101,1
64,Camille Little,PHO,F,2018,33,536,64,0.31,3.8,0.537,12.2,0.48,0.21000000000000002,0.92,0.129,1.0,0.31,3
65,Jewell Loyd,SEA,G,2018,34,1010,65,0.265,5.0,1.697,24.4,0.28300000000000003,0.296,0.339,0.21,0.806,0.421,5
66,Sancho Lyttle,PHO,F,2018,18,419,66,0.212,7.5,0.851,15.4,0.40700000000000003,0.5840000000000001,0.82,0.0,0.0,0.009,2
67,Stephanie Mavunga,IND,F,2018,25,194,67,0.341,14.0,0.19,14.4,0.7050000000000001,0.273,0.81,0.0,0.0,0.023,2
68,Kayla McBride,LVA,G,2018,31,1000,68,0.301,2.8,1.67,24.0,0.223,0.499,0.564,0.057,0.833,0.278,5
69,Erica McCall,IND,F,2018,34,418,69,0.174,12.2,0.548,14.1,0.532,0.395,0.683,0.25,1.0,0.073,2
70,Angel McCoughtry,ATL,F-G,2018,29,799,70,0.346,6.3,1.436,29.5,0.41300000000000003,0.4,0.463,0.211,0.905,0.188,6
71,Kelsey Mitchell,IND,G,2018,34,829,71,0.237,1.2,1.622,28.4,0.227,0.264,0.208,0.014,0.486,0.51,5
72,Leilani Mitchell,PHO,G,2018,31,461,72,0.107,2.7,1.13,17.3,0.16799999999999998,0.138,0.267,0.088,0.903,0.695,3
73,Tiffany Mitchell,IND,G,2018,34,871,73,0.313,3.1,1.186,19.8,0.45,0.344,0.272,0.317,0.875,0.206,4
74,Endy Miyem,MIN,F,2018,20,101,74,0.027,5.9,1.257,18.1,0.216,0.513,0.8,0.0,1.0,0.27,1
75,Alex Montgomery,CHI,G-F,2018,19,122,75,0.211,6.0,0.526,9.4,0.527,0.316,0.75,0.667,1.0,0.158,2
76,Renee Montgomery,ATL,G,2018,34,935,76,0.244,0.5,1.397,16.6,0.101,0.134,0.414,0.119,0.756,0.764,3
77,Maya Moore,MIN,F,2018,34,1081,77,0.228,5.2,1.564,26.8,0.256,0.4,0.535,0.094,0.697,0.343,6
78,Kaleena Mosqueda-Lewis,SEA,F,2018,33,442,78,0.081,2.2,0.715,18.1,0.11499999999999999,0.338,0.778,0.358,0.941,0.547,4
79,Jaime Nared,LVA,G-F,2018,31,283,79,0.35,3.9,0.455,16.6,0.176,0.438,0.588,0.032,1.0,0.388,3
80,Astou Ndour,CHI,C-F,2018,22,255,80,0.333,11.0,0.4,17.6,0.449,0.269,0.8,0.227,1.0,0.282,0
81,Kia Nurse,NYL,G,2018,34,774,81,0.301,3.5,1.245,18.7,0.344,0.16399999999999998,0.606,0.214,1.0,0.492,4
82,Chiney Ogwumike,CON,F-C,2018,31,790,82,0.404,12.2,0.504,21.6,0.8560000000000001,0.137,0.674,0.0,1.0,0.007,0
83,Nneka Ogwumike,LAS,F,2018,27,831,83,0.27,7.0,1.16,22.9,0.677,0.242,0.688,0.038,1.0,0.081,1
84,Courtney Paris,SEA,C,2018,34,360,84,0.283,13.0,0.5,10.2,0.933,0.05,0.781,0.0,0.0,0.017,2
85,Candace Parker,LAS,F-C,2018,31,949,85,0.348,6.4,1.769,28.9,0.488,0.22899999999999998,0.427,0.042,0.683,0.283,6
86,Cheyenne Parker,CHI,F,2018,34,670,86,0.448,10.9,0.42,22.4,0.7430000000000001,0.179,0.705,0.0,0.833,0.079,0
87,JiSu Park,LVA,C,2018,32,417,87,0.214,7.2,0.593,13.4,0.306,0.673,0.842,0.0,0.0,0.02,2
88,Kelsey Plum,LVA,G,2018,31,790,88,0.176,2.0,1.855,15.3,0.20700000000000002,0.321,0.271,0.047,0.787,0.471,3
89,Epiphanny Prince,NYL,G,2018,16,305,89,0.197,2.6,1.351,22.2,0.246,0.402,0.367,0.163,0.778,0.352,4
90,LaToya Sanders,WAS,F-C,2018,28,686,90,0.319,11.2,0.893,16.6,0.403,0.592,0.853,0.0,0.0,0.005,2
91,Allie Quigley,CHI,G,2018,32,951,91,0.16,1.3,1.096,22.8,0.193,0.364,0.673,0.075,0.836,0.443,4
92,Noelle Quinn,SEA,G,2018,20,181,92,0.0,1.3,0.524,13.3,0.047,0.558,0.444,0.118,1.0,0.395,3
93,Angel Robinson,PHO,F-C,2018,24,238,93,0.476,12.2,0.281,13.9,0.714,0.262,0.842,0.0,0.0,0.024,2
94,Danielle Robinson,MIN,G,2018,28,521,94,0.31,1.8,1.294,19.6,0.45099999999999996,0.42600000000000005,0.439,0.053,1.0,0.123,4
95,Sugar Rodgers,NYL,G,2018,31,608,95,0.124,3.6,1.038,17.2,0.11900000000000001,0.163,0.667,0.128,0.953,0.719,3
96,Leticia Romero,DAL,G,2018,21,146,96,0.938,6.4,0.541,11.1,0.375,0.313,0.0,0.2,1.0,0.313,2
97,Tierra Ruffin-Pratt,WAS,G,2018,33,598,97,0.378,4.6,1.067,16.7,0.28700000000000003,0.402,0.425,0.078,1.0,0.311,3
98,Odyssey Sims,LAS,G,2018,34,867,98,0.295,1.9,1.177,19.5,0.556,0.239,0.416,0.127,0.933,0.205,4
99,Azura Stevens,DAL,F-C,2018,34,700,99,0.256,9.9,0.689,20.7,0.46499999999999997,0.194,0.518,0.136,1.0,0.341,0
100,Breanna Stewart,SEA,F,2018,34,1074,100,0.337,4.3,1.564,27.3,0.469,0.243,0.699,0.095,0.984,0.288,5
101,Kiah Stokes,NYL,C,2018,30,427,101,0.195,11.5,0.219,11.1,0.753,0.247,0.714,0.0,0.0,0.0,2
102,Shekinna Stricklen,CON,F,2018,34,639,102,0.078,1.6,0.376,13.8,0.078,0.16699999999999998,0.526,0.148,0.948,0.754,3
103,Carolyn Swords,LVA,C,2018,26,375,103,0.203,13.4,0.474,12.3,0.545,0.45499999999999996,0.568,0.0,0.0,0.0,2
104,Brittney Sykes,ATL,G,2018,29,600,104,0.415,3.3,1.883,22.5,0.35100000000000003,0.30000000000000004,0.373,0.183,1.0,0.347,4
105,Stephanie Talbot,PHO,F,2018,31,453,105,0.25,7.0,0.609,12.2,0.33299999999999996,0.14300000000000002,0.545,0.295,1.0,0.524,2
106,Diana Taurasi,PHO,G,2018,33,989,106,0.411,0.5,2.394,28.8,0.188,0.20099999999999998,0.385,0.04,0.557,0.611,5
107,Asia Taylor,IND,F,2018,14,116,107,0.31,8.4,0.328,17.2,0.517,0.31,0.25,0.4,1.0,0.172,1
108,Alyssa Thomas,CON,F,2018,24,734,108,0.45,7.3,1.212,17.7,0.872,0.123,0.622,0.0,0.0,0.005,1
109,Jasmine Thomas,CON,G,2018,34,956,109,0.206,3.1,1.562,23.6,0.353,0.279,0.149,0.115,0.652,0.368,5
110,Krystal Thomas,WAS,C,2018,24,237,110,0.262,11.0,0.087,12.8,0.786,0.21399999999999997,0.5,0.0,0.0,0.0,2
111,Kayla Thornton,DAL,F,2018,34,971,111,0.196,5.3,0.839,13.9,0.373,0.153,0.62,0.256,0.907,0.475,3
112,Kristi Toliver,WAS,G,2018,33,1087,112,0.282,0.5,1.369,19.4,0.165,0.253,0.221,0.07,0.639,0.581,4
113,Morgan Tuck,CON,F,2018,34,462,113,0.136,5.7,0.492,19.0,0.486,0.143,0.655,0.016,1.0,0.373,1
114,Yvonne Turner,PHO,G,2018,32,426,114,0.176,2.1,1.233,16.7,0.272,0.16,0.5,0.183,0.826,0.568,3
115,Maria Vadeeva,LAS,C,2018,25,204,115,0.162,10.5,0.733,21.3,0.567,0.27,0.743,0.083,1.0,0.162,0
116,Courtney Vandersloot,CHI,G,2018,30,955,116,0.248,1.9,1.722,19.3,0.396,0.198,0.451,0.062,0.667,0.406,4
117,Kia Vaughn,NYL,C,2018,29,532,117,0.204,7.3,0.387,15.2,0.643,0.358,0.795,0.0,0.0,0.0,2
118,Victoria Vivians,IND,G,2018,34,920,118,0.112,2.0,0.694,15.1,0.112,0.261,0.6,0.123,0.954,0.627,3
119,Shatori Walker-Kimbrough,WAS,G,2018,19,168,119,0.214,2.1,0.391,20.8,0.268,0.32199999999999995,0.353,0.261,1.0,0.411,4
120,Lindsay Whalen,MIN,G,2018,32,617,120,0.235,1.9,1.424,17.5,0.33999999999999997,0.425,0.4,0.095,1.0,0.235,3
121,Erica Wheeler,IND,G,2018,34,737,121,0.209,2.9,2.459,22.0,0.337,0.393,0.115,0.184,0.762,0.27,4
122,Sami Whitcomb,SEA,G,2018,31,265,122,0.07,2.3,0.607,17.7,0.117,0.081,0.0,0.203,0.84,0.802,3
123,Courtney Williams,CON,G,2018,30,812,123,0.067,6.4,1.431,23.4,0.248,0.611,0.404,0.113,0.85,0.141,1
124,Elizabeth Williams,ATL,C-F,2018,33,885,124,0.466,8.8,0.639,15.1,0.819,0.181,0.76,0.0,0.0,0.0,2
125,Gabby Williams,CHI,F,2018,34,781,125,0.195,6.6,0.876,16.8,0.585,0.3,0.716,0.038,1.0,0.11,1
126,Riquna Williams,LAS,G,2018,33,546,126,0.151,2.6,0.957,19.9,0.21100000000000002,0.145,0.515,0.125,0.979,0.643,4
127,A'ja Wilson,LVA,F,2018,33,1010,127,0.468,7.3,1.986,29.2,0.493,0.508,0.771,0.0,0.0,0.0,6
128,Tanisha Wright,MIN,G,2018,33,586,128,0.203,2.3,0.733,14.5,0.361,0.278,0.469,0.354,0.895,0.361,3
129,Tamera Young,LVA,F,2018,33,881,129,0.291,4.6,1.216,20.0,0.368,0.591,0.576,0.0,1.0,0.041,1
130,Amanda Zahui B.,NYL,C,2018,29,460,130,0.211,9.2,0.457,23.8,0.489,0.172,0.638,0.0,1.0,0.339,6
131,Cecilia Zandalasini,MIN,F,2018,29,478,131,0.168,1.5,0.654,18.1,0.147,0.44999999999999996,0.605,0.2,1.0,0.403,4
132,Shavonte Zellous,NYL,G,2018,22,531,132,0.409,1.3,1.504,17.3,0.369,0.43000000000000005,0.455,0.1,1.0,0.201,3
133,Alex Bentley,TOT,G,2018,35,745,133,0.142,1.5,1.784,23.7,0.133,0.483,0.225,0.134,0.564,0.384,5
134,Layshia Clarendon,TOT,G,2018,33,549,134,0.373,3.4,1.016,16.0,0.478,0.38,0.4,0.3,1.0,0.141,3
135,Tayler Hill,TOT,G,2018,20,235,135,0.167,1.5,0.805,20.3,0.25,0.21399999999999997,0.364,0.2,0.846,0.536,4
136,Cappie Pondexter,TOT,G,2018,30,545,136,0.202,1.4,1.78,22.7,0.26,0.605,0.311,0.2,0.818,0.135,4
137,Aerial Powers,TOT,G,2018,24,345,137,0.377,5.5,0.547,22.0,0.312,0.328,0.25,0.136,0.833,0.361,1
138,Mercedes Russell,TOT,C,2018,24,133,138,0.412,7.2,0.304,16.0,0.706,0.29400000000000004,0.688,0.0,0.0,0.0,2
139,Alex Bentley,CON,G,2018,19,413,139,0.165,2.8,1.613,23.6,0.137,0.483,0.294,0.13,0.619,0.379,5
140,Layshia Clarendon,ATL,G,2018,18,311,140,0.38,3.5,0.725,16.2,0.367,0.456,0.292,0.429,1.0,0.177,3
141,Tayler Hill,WAS,G,2018,13,117,141,0.308,1.0,0.834,21.7,0.20500000000000002,0.256,0.2,0.048,0.833,0.538,4
142,Cappie Pondexter,LAS,G,2018,13,134,142,0.442,1.8,1.625,19.6,0.372,0.5820000000000001,0.6,0.0,0.0,0.047,4
143,Aerial Powers,DAL,G,2018,15,231,143,0.415,5.6,0.449,22.5,0.34099999999999997,0.317,0.36,0.179,0.8,0.341,1
144,Alex Bentley,ATL,G,2018,16,332,144,0.114,0.0,1.979,23.9,0.127,0.483,0.132,0.138,0.5,0.389,5
145,Layshia Clarendon,CON,G,2018,15,238,145,0.365,3.3,1.503,15.8,0.619,0.28500000000000003,0.484,0.0,0.0,0.095,3
146,Tayler Hill,DAL,G,2018,7,118,146,0.044,2.0,0.784,18.9,0.28900000000000003,0.178,0.5,0.333,0.857,0.533,4
147,Cappie Pondexter,IND,G,2018,17,411,147,0.144,1.3,1.85,23.7,0.23299999999999998,0.611,0.237,0.214,0.818,0.156,5
148,Aerial Powers,WAS,G,2018,9,114,148,0.3,5.2,0.866,21.1,0.25,0.35000000000000003,0.0,0.063,0.857,0.4,1
149,Mercedes Russell,SEA,C,2018,22,101,149,0.323,9.5,0.207,18.6,0.742,0.258,0.667,0.0,0.0,0.0,1
150,Natalie Achonwa,IND,F,2019,30,636,150,0.325,9.0,1.207,18.5,0.5269999999999999,0.413,0.823,0.0,1.0,0.059,1
151,Rebecca Allen,NYL,G,2019,24,412,151,0.103,3.3,0.787,19.1,0.199,0.366,0.833,0.176,1.0,0.436,4
152,Ariel Atkins,WAS,G,2019,33,804,152,0.179,3.7,1.271,20.0,0.22599999999999998,0.277,0.542,0.231,0.922,0.483,4
153,Seimone Augustus,MIN,G-F,2019,12,156,153,0.063,1.6,0.994,22.4,0.235,0.579,0.556,0.0,1.0,0.188,4
154,Rachel Banham,CON,G,2019,29,353,154,0.113,0.3,0.644,18.0,0.157,0.218,0.267,0.194,0.864,0.626,4
155,Alana Beard,LAS,G-F,2019,16,235,155,0.184,1.0,1.021,11.7,0.347,0.551,0.619,0.0,1.0,0.102,3
156,Alex Bentley,ATL,G,2019,29,634,156,0.108,1.6,2.443,26.7,0.13,0.44899999999999995,0.284,0.066,0.656,0.421,5
157,Tiffany Bias,NYL,G,2019,12,105,157,0.25,0.0,0.785,16.3,0.142,0.178,0.5,0.263,0.667,0.679,3
158,Monique Billings,ATL,F,2019,29,553,158,0.417,11.5,0.254,17.3,0.591,0.403,0.764,0.0,1.0,0.007,0
159,DeWanna Bonner,PHO,F-G,2019,34,1120,159,0.331,3.6,1.929,26.7,0.359,0.262,0.464,0.157,0.75,0.379,5
160,Brittany Boyd,NYL,G,2019,33,649,160,0.189,4.7,1.299,18.6,0.6499999999999999,0.222,0.344,0.261,0.286,0.128,1
161,Imani McGee-Stafford,DAL,C,2019,29,346,161,0.128,14.3,0.456,19.9,0.587,0.376,0.66,0.0,1.0,0.037,0
162,Jessica Breland,ATL,F,2019,33,767,162,0.12,5.7,1.224,18.9,0.218,0.643,0.821,0.0,1.0,0.138,1
163,Kalani Brown,LAS,C,2019,28,377,163,0.407,10.3,0.413,19.2,0.867,0.124,0.741,0.0,0.0,0.009,0
164,Lexie Brown,MIN,G,2019,33,605,164,0.182,1.4,0.818,19.8,0.201,0.153,0.531,0.052,0.962,0.646,4
165,Kennedy Burke,IND,G,2019,31,423,165,0.376,5.1,0.639,16.8,0.487,0.17,0.581,0.4,1.0,0.342,3
166,Liz Cambage,LVA,C,2019,32,807,166,0.398,8.7,1.235,28.1,0.735,0.214,0.691,0.167,0.5,0.031,6
167,Jordin Canada,SEA,G,2019,30,865,167,0.284,1.8,1.617,21.3,0.509,0.34299999999999997,0.24,0.023,1.0,0.149,4
168,Essence Carson,PHO,G,2019,23,425,168,0.289,3.1,1.371,18.0,0.297,0.383,0.29,0.195,0.929,0.32,4
169,Maite Cazorla,ATL,G,2019,31,477,169,0.258,0.4,0.813,12.3,0.312,0.097,0.375,0.364,0.923,0.591,3
170,Tina Charles,NYL,C,2019,33,1028,170,0.235,7.1,1.25,30.2,0.497,0.399,0.67,0.034,0.909,0.104,6
171,Layshia Clarendon,CON,G,2019,9,138,171,0.488,5.5,1.669,18.9,0.6980000000000001,0.256,0.375,0.0,1.0,0.047,1
172,Alysha Clark,SEA,F,2019,31,881,172,0.093,4.9,0.969,15.3,0.38,0.173,0.54,0.16,0.902,0.447,3
173,Natasha Cloud,WAS,G,2019,34,1093,173,0.215,0.7,1.377,15.5,0.32999999999999996,0.168,0.323,0.094,0.867,0.495,3
174,Nia Coffey,ATL,F,2019,28,389,174,0.302,6.2,0.508,20.3,0.331,0.252,0.52,0.241,1.0,0.417,1
175,Napheesa Collier,MIN,F,2019,34,1131,175,0.296,6.6,0.875,17.9,0.525,0.23199999999999998,0.715,0.157,0.967,0.243,1
176,Sydney Colson,LVA,G,2019,33,379,176,0.393,0.6,1.09,14.3,0.42899999999999994,0.31,0.286,0.3,0.889,0.238,3
177,Kahleah Copper,CHI,G-F,2019,34,502,177,0.343,2.8,0.619,24.1,0.505,0.255,0.453,0.327,0.933,0.24,5
178,Sophie Cunningham,PHO,G,2019,32,389,178,0.43,1.8,0.602,13.9,0.304,0.11399999999999999,0.643,0.239,0.857,0.582,3
179,Damiris Dantas,MIN,F,2019,26,667,179,0.126,5.2,1.181,17.7,0.272,0.209,0.638,0.075,0.976,0.519,1
180,Kaela Davis,DAL,F,2019,33,634,180,0.143,2.8,0.9,23.2,0.493,0.28600000000000003,0.283,0.137,0.938,0.221,5
181,Elena Delle Donne,WAS,F-G,2019,31,901,181,0.274,6.6,2.237,25.7,0.353,0.33899999999999997,0.548,0.066,0.827,0.283,6
182,Diamond DeShields,CHI,G,2019,34,1027,182,0.291,3.4,1.117,26.1,0.388,0.28200000000000003,0.549,0.215,0.94,0.328,5
183,Blake Dietrick,SEA,G,2019,17,106,183,0.6,1.1,0.498,9.8,0.0,0.4,0.0,0.333,0.0,0.6,3
184,Stefanie Dolson,CHI,C,2019,34,850,184,0.21,5.7,0.67,16.4,0.434,0.211,0.868,0.048,1.0,0.356,3
185,Candice Dupree,IND,F,2019,34,1043,185,0.152,2.7,1.274,19.3,0.273,0.719,0.793,0.0,0.0,0.008,4
186,Asia Durr,NYL,G,2019,18,480,186,0.145,1.2,0.983,16.6,0.29600000000000004,0.369,0.5,0.314,1.0,0.336,3
187,Temi Fagbenle,MIN,C,2019,18,271,187,0.222,10.1,0.347,20.0,0.481,0.44399999999999995,0.683,0.167,0.0,0.074,0
188,Sylvia Fowles,MIN,C,2019,34,1003,188,0.296,11.4,0.599,20.0,0.8089999999999999,0.191,0.741,0.0,0.0,0.0,0
189,Allisha Gray,DAL,G,2019,34,1035,189,0.438,4.9,1.022,15.8,0.492,0.172,0.643,0.14,0.97,0.336,3
190,Chelsea Gray,LAS,G,2019,34,1108,190,0.159,1.4,1.699,23.8,0.314,0.396,0.203,0.076,0.7,0.29,5
191,Reshanda Gray,NYL,F,2019,34,519,191,0.413,13.5,0.312,18.5,0.813,0.173,0.614,0.0,1.0,0.013,0
192,Brittney Griner,PHO,C,2019,31,1018,192,0.261,6.0,1.432,28.4,0.742,0.253,0.818,0.333,1.0,0.006,6
193,Marie Gulich,ATL,C,2019,31,349,193,0.204,10.5,0.481,19.0,0.37,0.398,0.71,0.08,1.0,0.231,0
194,Megan Gustafson,DAL,C,2019,25,238,194,0.364,9.4,0.404,14.3,0.782,0.055,0.692,0.0,1.0,0.164,2
195,Dearica Hamby,LVA,F,2019,34,842,195,0.356,10.1,0.87,20.2,0.741,0.059,0.742,0.057,0.941,0.183,0
196,Isabelle Harrison,DAL,F,2019,31,794,196,0.278,10.2,0.689,18.5,0.593,0.382,0.718,0.0,0.0,0.025,0
197,Bria Hartley,NYL,G,2019,24,545,197,0.314,3.7,1.405,23.2,0.4,0.253,0.527,0.178,0.75,0.348,5
198,Tianna Hawkins,WAS,F,2019,31,477,198,0.182,12.2,0.648,26.1,0.46799999999999997,0.096,0.713,0.176,0.939,0.414,6
199,Tiffany Hayes,ATL,G,2019,29,817,199,0.34,2.7,1.564,27.1,0.5,0.187,0.378,0.256,0.861,0.313,5
200,Natisha Hiedeman,CON,G,2019,20,205,200,0.414,3.7,1.836,17.2,0.431,0.08600000000000001,0.0,0.286,0.769,0.483,3
201,Myisha Hines-Allen,WAS,F,2019,27,211,201,0.174,14.7,0.741,20.6,0.637,0.13,0.474,0.125,0.833,0.232,0
202,Bria Holmes,CON,G,2019,34,529,202,0.301,2.1,0.802,20.4,0.549,0.124,0.632,0.175,0.9,0.326,4
203,Natasha Howard,SEA,F,2019,34,1066,203,0.306,10.1,0.972,29.4,0.5880000000000001,0.21100000000000002,0.579,0.096,0.906,0.201,6
204,Briann January,PHO,G,2019,32,852,204,0.236,0.8,0.958,14.2,0.186,0.362,0.225,0.171,0.903,0.451,3
205,Marine Johannes,NYL,0,2019,19,345,205,0.173,2.9,1.465,17.8,0.22699999999999998,0.173,0.522,0.197,0.8,0.6,4
206,Glory Johnson,DAL,F,2019,28,676,206,0.112,4.5,0.982,17.3,0.247,0.272,0.581,0.029,0.943,0.481,3
207,Shenise Johnson,IND,G,2019,17,219,207,0.178,6.0,1.282,22.5,0.333,0.3,0.455,0.212,0.875,0.367,1
208,Alexis Jones,LAS,G,2019,20,243,208,0.214,0.9,0.885,19.0,0.271,0.258,0.176,0.152,0.818,0.471,4
209,Brionna Jones,CON,F,2019,27,227,209,0.48,17.7,0.382,21.0,0.893,0.093,0.686,0.0,0.0,0.013,0
210,Jonquel Jones,CON,F,2019,34,980,210,0.342,12.5,0.713,22.6,0.47200000000000003,0.169,0.638,0.014,0.977,0.36,0
211,Betnijah Laney,IND,G-F,2019,34,877,211,0.146,4.3,0.601,14.2,0.268,0.422,0.561,0.561,0.95,0.31,3
212,Crystal Langhorne,SEA,F-C,2019,34,577,212,0.257,5.5,0.543,18.5,0.5329999999999999,0.134,0.769,0.07,1.0,0.333,1
213,Jantel Lavender,CHI,F,2019,23,619,213,0.1,8.8,0.535,17.7,0.505,0.367,0.835,0.037,1.0,0.129,1
214,Camille Little,PHO,F,2019,29,425,214,0.337,5.3,0.487,14.6,0.554,0.218,0.818,0.095,1.0,0.228,3
215,Jewell Loyd,SEA,G,2019,27,686,215,0.231,1.9,1.103,25.4,0.268,0.394,0.53,0.208,0.912,0.338,5
216,Sancho Lyttle,PHO,F,2019,20,250,216,0.129,6.7,0.271,14.7,0.323,0.613,0.84,0.25,1.0,0.065,2
217,Marina Mabrey,LAS,G,2019,31,355,217,0.122,1.9,0.905,20.3,0.26,0.15300000000000002,0.458,0.156,0.81,0.588,4
218,Stephanie Mavunga,IND,F,2019,24,204,218,0.362,12.3,0.213,14.3,0.702,0.277,0.708,0.0,0.0,0.021,2
219,Kayla McBride,LVA,G,2019,34,990,219,0.268,2.5,1.172,19.9,0.249,0.33199999999999996,0.633,0.124,0.855,0.405,4
220,Erica McCall,IND,F,2019,15,104,220,0.364,12.6,0.8,12.4,0.454,0.545,1.0,0.0,0.0,0.0,2
221,Brooke McCarty-Williams,DAL,G,2019,34,447,221,0.133,2.5,1.043,12.8,0.355,0.088,0.375,0.12,1.0,0.556,3
222,Teaira McCowan,IND,C,2019,34,752,222,0.652,17.1,0.147,20.4,0.9610000000000001,0.03900000000000001,0.605,0.0,0.0,0.0,0
223,Emma Meesseman,WAS,F,2019,23,543,223,0.19,6.2,2.702,22.0,0.493,0.294,0.748,0.022,0.947,0.204,1
224,Kelsey Mitchell,IND,G,2019,34,852,224,0.141,0.6,1.836,27.3,0.248,0.264,0.318,0.057,0.709,0.488,5
225,Leilani Mitchell,PHO,G,2019,32,971,225,0.27,2.0,1.671,19.5,0.217,0.217,0.3,0.128,0.703,0.566,4
226,Tiffany Mitchell,IND,G,2019,33,831,226,0.325,3.2,1.007,20.8,0.451,0.307,0.438,0.304,0.85,0.241,4
227,Renee Montgomery,ATL,G,2019,34,949,227,0.176,1.0,1.059,17.5,0.14600000000000002,0.128,0.231,0.124,0.691,0.727,3
228,Kaleena Mosqueda-Lewis,SEA,F,2019,31,435,228,0.086,2.4,0.383,21.6,0.153,0.34299999999999997,0.676,0.171,0.929,0.503,4
229,Astou Ndour,CHI,C-F,2019,21,368,229,0.153,9.7,0.61,16.6,0.534,0.187,0.795,0.03,1.0,0.28,2
230,Kia Nurse,NYL,G,2019,34,1001,230,0.368,2.1,1.144,20.8,0.26,0.22999999999999998,0.675,0.174,0.846,0.51,4
231,Arike Ogunbowale,DAL,G,2019,33,1059,231,0.323,2.1,2.296,30.4,0.347,0.359,0.223,0.068,0.737,0.294,5
232,Chiney Ogwumike,LAS,F-C,2019,32,697,232,0.269,13.3,0.481,20.8,0.743,0.241,0.669,0.0,1.0,0.016,0
233,Nneka Ogwumike,LAS,F,2019,32,892,233,0.229,9.3,1.078,25.2,0.571,0.261,0.641,0.132,1.0,0.167,6
234,Courtney Paris,SEA,C,2019,30,190,234,0.467,8.0,0.31,6.5,0.934,0.067,0.667,0.0,0.0,0.0,2
235,Candace Parker,LAS,F-C,2019,22,571,235,0.318,4.8,1.213,23.0,0.54,0.175,0.575,0.067,0.625,0.284,5
236,Cheyenne Parker,CHI,F,2019,34,670,236,0.408,11.0,0.511,20.8,0.7979999999999999,0.124,0.725,0.0,1.0,0.077,0
237,JiSu Park,LVA,C,2019,25,163,237,0.243,6.9,0.603,12.6,0.29700000000000004,0.648,0.875,0.0,0.0,0.027,2
238,Kelsey Plum,LVA,G,2019,34,868,238,0.133,1.9,1.295,18.0,0.25,0.293,0.355,0.112,0.756,0.427,4
239,Aerial Powers,WAS,G,2019,30,593,239,0.394,7.1,0.916,25.9,0.33799999999999997,0.184,0.379,0.207,0.905,0.466,6
240,LaToya Sanders,WAS,F-C,2019,34,804,240,0.215,6.8,0.847,12.4,0.349,0.587,0.805,0.0,0.0,0.0,2
241,Allie Quigley,CHI,G,2019,34,972,241,0.156,1.6,1.318,18.7,0.176,0.303,0.637,0.177,0.888,0.522,4
242,Nayo Raincock-Ekunwe,NYL,F,2019,28,367,242,0.316,12.0,0.276,13.3,0.899,0.063,0.69,0.0,1.0,0.038,2
243,Danielle Robinson,MIN,G,2019,34,919,243,0.209,3.0,1.325,20.3,0.522,0.348,0.496,0.293,1.0,0.13,4
244,Sugar Rodgers,LVA,G,2019,33,382,244,0.045,1.2,0.829,15.8,0.126,0.108,0.7,0.107,0.933,0.757,3
245,Tierra Ruffin-Pratt,LAS,G,2019,34,856,245,0.209,2.7,0.832,12.6,0.296,0.331,0.596,0.205,0.92,0.372,3
246,Mercedes Russell,SEA,C,2019,34,870,246,0.319,10.9,0.565,14.0,0.863,0.142,0.736,0.0,0.0,0.0,2
247,Katie Lou Samuelson,CHI,F,2019,20,153,247,0.526,3.1,0.67,14.7,0.131,0.105,1.0,0.103,1.0,0.763,3
248,Jessica Shepard,MIN,F,2019,6,112,248,0.276,10.0,0.902,19.0,0.379,0.379,0.9,0.143,1.0,0.241,0
249,Odyssey Sims,MIN,G,2019,34,1083,249,0.246,2.7,1.61,25.5,0.46399999999999997,0.33199999999999996,0.396,0.151,0.88,0.204,5
250,Alanna Smith,PHO,F,2019,18,134,250,0.049,9.8,0.3,17.7,0.512,0.048,0.333,0.056,1.0,0.439,0
251,Azura Stevens,DAL,F-C,2019,9,144,251,0.094,11.7,0.479,20.6,0.5660000000000001,0.264,0.5,0.111,1.0,0.17,0
252,Shekinna Stricklen,CON,F,2019,34,804,252,0.106,1.2,0.821,15.9,0.13,0.09,0.714,0.136,0.947,0.78,3
253,Carolyn Swords,LVA,C,2019,29,257,253,0.178,8.3,0.354,16.0,0.644,0.274,0.719,0.0,0.0,0.0,2
254,Brittney Sykes,ATL,G,2019,34,880,254,0.259,3.0,1.324,23.1,0.492,0.2,0.39,0.269,0.857,0.308,5
255,Stephanie Talbot,MIN,F,2019,33,561,255,0.201,4.0,0.56,16.8,0.20800000000000002,0.175,0.5,0.126,1.0,0.617,3
256,Diana Taurasi,PHO,G,2019,6,129,256,0.462,0.9,1.77,22.0,0.154,0.23099999999999998,0.0,0.042,1.0,0.615,4
257,Alyssa Thomas,CON,F,2019,34,1026,257,0.363,8.8,1.132,19.2,0.886,0.111,0.649,0.0,0.0,0.003,1
258,Jasmine Thomas,CON,G,2019,34,1009,258,0.197,2.0,1.459,20.6,0.364,0.29000000000000004,0.245,0.228,0.844,0.346,4
259,Kayla Thornton,DAL,F,2019,27,822,259,0.201,6.7,0.902,20.2,0.37,0.273,0.437,0.126,0.821,0.356,1
260,Kristi Toliver,WAS,G,2019,23,678,260,0.149,2.0,1.981,20.0,0.263,0.28500000000000003,0.338,0.15,0.639,0.426,4
261,Morgan Tuck,CON,F,2019,33,352,261,0.259,5.6,0.681,19.6,0.509,0.13,0.7,0.048,1.0,0.362,1
262,Brianna Turner,PHO,F,2019,29,462,262,0.286,11.6,0.365,12.5,0.9670000000000001,0.033,0.837,0.0,0.0,0.0,2
263,Yvonne Turner,PHO,G,2019,29,595,263,0.285,1.6,0.833,20.1,0.39,0.151,0.273,0.304,0.846,0.459,4
264,Maria Vadeeva,LAS,C,2019,15,180,264,0.125,11.4,0.837,31.6,0.654,0.193,0.717,0.125,0.8,0.154,6
265,Courtney Vandersloot,CHI,G,2019,33,991,265,0.268,2.4,2.108,18.9,0.46499999999999997,0.177,0.337,0.112,0.71,0.358,4
266,Shatori Walker-Kimbrough,WAS,G,2019,34,580,266,0.324,3.6,0.731,18.5,0.375,0.21600000000000003,0.519,0.254,0.727,0.403,4
267,Erica Wheeler,IND,G,2019,34,850,267,0.158,0.7,1.515,22.1,0.265,0.313,0.177,0.08,0.396,0.419,4
268,Sami Whitcomb,SEA,G,2019,33,674,268,0.049,2.9,1.092,19.0,0.10300000000000001,0.07100000000000001,0.526,0.196,0.762,0.821,4
269,Sydney Wiese,LAS,G,2019,32,659,269,0.063,0.9,0.721,12.1,0.287,0.063,0.667,0.215,0.882,0.65,3
270,Courtney Williams,CON,G,2019,34,988,270,0.174,5.3,2.148,22.8,0.28200000000000003,0.637,0.485,0.086,0.875,0.081,1
271,Elizabeth Williams,ATL,C-F,2019,32,909,271,0.477,11.4,0.619,15.8,0.902,0.09799999999999999,0.766,0.0,0.0,0.0,2
272,Gabby Williams,CHI,F,2019,33,527,272,0.221,3.2,0.931,21.0,0.509,0.265,0.397,0.195,1.0,0.227,4
273,Riquna Williams,LAS,G,2019,23,593,273,0.207,2.5,1.083,21.9,0.186,0.244,0.538,0.123,0.852,0.57,4
274,A'ja Wilson,LVA,F,2019,26,740,274,0.436,6.5,0.96,26.1,0.618,0.346,0.753,0.0,0.0,0.003,6
275,Tanisha Wright,NYL,G,2019,31,613,275,0.238,3.9,1.148,14.3,0.423,0.28400000000000003,0.525,0.132,0.857,0.292,3
276,Han Xu,NYL,C,2019,18,143,276,0.034,1.6,0.758,18.6,0.31,0.517,0.895,0.1,1.0,0.172,4
277,Jackie Young,LVA,G,2019,34,767,277,0.309,3.4,1.873,18.0,0.589,0.20400000000000001,0.435,0.023,0.929,0.186,4
278,Tamera Young,LVA,F,2019,34,628,278,0.341,6.2,0.889,17.4,0.41900000000000004,0.45199999999999996,0.492,0.188,1.0,0.089,1
279,Amanda Zahui B.,NYL,C,2019,24,558,279,0.156,5.3,0.446,17.0,0.46199999999999997,0.138,0.847,0.029,1.0,0.399,3
280,Shavonte Zellous,SEA,G,2019,31,432,280,0.345,1.6,0.841,17.8,0.27499999999999997,0.45699999999999996,0.395,0.125,0.833,0.276,4
281,Kristine Anigwe,TOT,F-C,2019,27,250,281,0.471,12.4,0.233,17.7,0.794,0.206,0.773,0.0,0.0,0.0,0
282,Alaina Coates,TOT,C,2019,23,167,282,0.467,14.7,0.155,16.9,0.934,0.067,0.708,0.0,0.0,0.0,0
283,Theresa Plaisance,TOT,F,2019,31,442,283,0.178,6.1,0.885,19.5,0.267,0.23299999999999998,0.655,0.0,0.92,0.5,1
284,Kristine Anigwe,CON,F-C,2019,17,121,284,0.486,12.6,0.199,18.8,0.7140000000000001,0.286,0.818,0.0,0.0,0.0,0
285,Theresa Plaisance,DAL,F,2019,22,378,285,0.179,6.2,0.929,19.9,0.23600000000000002,0.22,0.609,0.0,0.913,0.545,1
286,Kristine Anigwe,DAL,F-C,2019,10,129,286,0.455,12.2,0.273,16.7,0.8780000000000001,0.121,0.727,0.0,0.0,0.0,0
287,Natalie Achonwa,IND,F,2020,18,364,287,0.278,8.6,0.721,19.7,0.496,0.418,0.772,0.0,0.0,0.087,1
288,Bella Alarie,DAL,C-F,2020,22,309,288,0.182,8.2,0.41,11.9,0.6819999999999999,0.121,0.739,0.077,1.0,0.197,2
289,Julie Allemand,IND,G,2020,22,716,289,0.224,1.3,0.986,12.6,0.157,0.156,0.294,0.033,0.818,0.687,3
290,Lindsay Allen,LVA,G,2020,21,284,290,0.152,2.6,1.351,13.4,0.47000000000000003,0.273,0.591,0.118,0.667,0.258,3
291,Kristine Anigwe,LAS,F-C,2020,17,197,291,0.491,11.3,0.161,18.7,0.8109999999999999,0.189,0.719,0.0,0.0,0.0,0
292,Ariel Atkins,WAS,G,2020,22,682,292,0.279,3.1,1.046,22.0,0.20299999999999999,0.37,0.53,0.15,0.841,0.426,4
293,Seimone Augustus,LAS,G-F,2020,21,332,293,0.055,1.1,1.803,16.7,0.127,0.6719999999999999,0.762,0.0,0.917,0.2,3
294,Rachel Banham,MIN,G,2020,20,339,294,0.192,0.7,1.47,17.6,0.20199999999999999,0.28900000000000003,0.478,0.075,0.88,0.51,3
295,Monique Billings,ATL,F,2020,22,596,295,0.394,11.0,0.391,17.7,0.688,0.311,0.706,0.0,0.0,0.0,0
296,Sue Bird,SEA,G,2020,11,257,296,0.048,0.5,1.989,17.9,0.108,0.301,0.444,0.082,0.87,0.59,4
297,DeWanna Bonner,CON,F-G,2020,22,732,297,0.353,5.2,1.456,27.4,0.46099999999999997,0.234,0.405,0.084,0.667,0.305,6
298,Lexie Brown,MIN,G,2020,17,374,298,0.216,1.0,1.0,17.4,0.22499999999999998,0.306,0.458,0.096,1.0,0.468,3
299,Kennedy Burke,IND,G,2020,22,403,299,0.331,5.7,0.662,19.0,0.544,0.078,0.595,0.271,1.0,0.378,1
300,Jordin Canada,SEA,G,2020,20,483,300,0.432,2.5,1.635,18.3,0.583,0.33299999999999996,0.236,0.0,1.0,0.083,4
301,Bridget Carleton,MIN,F,2020,22,568,301,0.275,4.7,0.743,11.1,0.343,0.20500000000000002,0.469,0.239,1.0,0.451,3
302,Chennedy Carter,ATL,G,2020,16,406,302,0.299,2.2,1.814,31.9,0.504,0.353,0.181,0.063,0.333,0.143,5
303,Kaila Charles,CON,G-F,2020,21,376,303,0.32,6.9,0.544,15.1,0.515,0.175,0.448,0.267,0.909,0.309,2
304,Layshia Clarendon,NYL,G,2020,19,496,304,0.396,1.3,1.259,22.3,0.635,0.08800000000000001,0.254,0.023,0.667,0.277,4
305,Alysha Clark,SEA,F,2020,22,633,305,0.17,3.7,1.308,12.5,0.449,0.095,0.809,0.179,0.943,0.456,3
306,Alaina Coates,WAS,C,2020,20,197,306,0.765,11.9,0.34,13.5,0.9119999999999999,0.088,0.667,0.0,0.0,0.0,2
307,Nia Coffey,PHO,F,2020,15,230,307,0.158,2.6,0.524,9.2,0.131,0.316,0.556,0.143,1.0,0.553,3
308,Napheesa Collier,MIN,F,2020,22,752,308,0.292,9.9,0.976,21.1,0.577,0.235,0.595,0.122,0.95,0.188,0
309,Sydney Colson,CHI,G,2020,17,110,309,0.364,1.2,0.48,16.0,0.45499999999999996,0.091,0.143,0.0,1.0,0.409,3
310,Te'a Cooper,LAS,G,2020,20,345,310,0.301,0.7,0.968,20.9,0.566,0.15,0.4,0.281,1.0,0.283,4
311,Kahleah Copper,CHI,G-F,2020,22,688,311,0.214,3.9,0.679,22.4,0.477,0.29300000000000004,0.523,0.197,1.0,0.229,4
312,Lauren Cox,IND,F,2020,14,183,312,0.349,6.6,0.896,14.7,0.5820000000000001,0.279,0.533,0.167,1.0,0.14,2
313,Sophie Cunningham,PHO,G,2020,21,396,313,0.275,2.7,0.477,13.2,0.385,0.055,0.783,0.255,0.917,0.56,3
314,Crystal Dangerfield,MIN,G,2020,21,629,314,0.243,1.0,1.346,24.6,0.388,0.224,0.3,0.078,0.794,0.388,5
315,Damiris Dantas,MIN,F,2020,22,586,315,0.25,7.7,1.191,21.7,0.45399999999999996,0.136,0.81,0.033,1.0,0.409,1
316,Diamond DeShields,CHI,G,2020,13,224,316,0.217,1.7,0.532,24.1,0.494,0.289,0.636,0.389,1.0,0.217,5
317,Blake Dietrick,ATL,G,2020,22,463,317,0.077,2.0,0.893,13.9,0.327,0.115,0.217,0.121,0.846,0.558,3
318,Skylar Diggins-Smith,PHO,G,2020,22,675,318,0.373,1.9,1.339,25.2,0.42600000000000005,0.14200000000000002,0.358,0.095,0.696,0.433,5
319,Stefanie Dolson,CHI,C,2020,15,273,319,0.271,5.1,0.795,15.3,0.414,0.14300000000000002,0.727,0.0,1.0,0.457,3
320,Kathleen Doyle,IND,G,2020,18,155,320,0.098,2.3,0.615,17.4,0.244,0.244,0.4,0.238,1.0,0.512,3
321,Candice Dupree,IND,F,2020,22,665,321,0.191,4.9,1.581,20.0,0.379,0.55,0.726,0.0,1.0,0.072,1
322,Sylvia Fowles,MIN,C,2020,7,168,322,0.453,15.3,0.713,22.6,0.9069999999999999,0.094,0.718,0.0,0.0,0.0,0
323,Allisha Gray,DAL,G,2020,20,524,323,0.332,5.7,1.0,21.1,0.475,0.16399999999999998,0.379,0.141,0.84,0.362,1
324,Chelsea Gray,LAS,G,2020,22,679,324,0.178,2.7,1.649,24.1,0.316,0.47100000000000003,0.269,0.051,0.722,0.214,5
325,Brittney Griner,PHO,C,2020,12,382,325,0.269,5.6,1.353,26.3,0.743,0.252,0.828,0.0,0.0,0.006,6
326,Marie Gulich,LAS,C,2020,12,119,326,0.115,5.2,0.555,12.4,0.7689999999999999,0.11499999999999999,0.923,0.0,0.0,0.115,3
327,Dearica Hamby,LVA,F,2020,22,622,327,0.328,5.4,0.926,19.6,0.73,0.083,0.674,0.105,1.0,0.186,1
328,Isabelle Harrison,DAL,F,2020,13,258,328,0.25,8.1,0.699,17.8,0.592,0.368,0.588,0.0,0.0,0.039,1
329,Mikiah Herbert Harrigan,MIN,F,2020,21,234,329,0.085,7.3,0.313,19.2,0.268,0.32899999999999996,0.813,0.152,0.929,0.402,1
330,Tyasha Harris,DAL,G,2020,21,412,330,0.173,0.0,1.974,16.8,0.299,0.26,0.194,0.179,0.684,0.441,3
331,Bria Hartley,PHO,G,2020,13,322,331,0.261,1.8,2.463,28.0,0.337,0.248,0.366,0.077,0.76,0.414,5
332,Tianna Hawkins,WAS,F,2020,17,329,332,0.2,4.3,0.726,22.8,0.41500000000000004,0.14700000000000002,0.778,0.105,1.0,0.438,4
333,Ruthy Hebard,CHI,F,2020,22,320,333,0.141,7.2,0.232,14.7,0.788,0.212,0.828,0.0,0.0,0.0,2
334,Natisha Hiedeman,CON,G,2020,22,408,334,0.236,2.2,1.096,17.7,0.284,0.21300000000000002,0.273,0.063,0.652,0.504,3
335,Myisha Hines-Allen,WAS,F,2020,22,659,335,0.197,6.2,1.305,25.9,0.598,0.194,0.597,0.066,0.885,0.207,6
336,Bria Holmes,CON,G,2020,18,291,336,0.122,5.0,0.75,18.3,0.521,0.173,0.52,0.067,0.9,0.306,1
337,Joyner Holmes,NYL,F,2020,19,190,337,0.167,8.6,0.951,20.9,0.40299999999999997,0.20800000000000002,0.526,0.143,1.0,0.389,1
338,Natasha Howard,SEA,F,2020,22,463,338,0.22,13.8,0.382,21.8,0.7749999999999999,0.103,0.725,0.15,1.0,0.122,0
339,Briann January,CON,G,2020,13,303,339,0.16,1.5,1.389,13.8,0.147,0.45399999999999996,0.364,0.032,0.909,0.413,3
340,Moriah Jefferson,DAL,G,2020,9,148,340,0.273,5.9,0.863,19.5,0.545,0.29500000000000004,0.313,0.333,1.0,0.136,1
341,Glory Johnson,ATL,F,2020,18,277,341,0.289,2.9,0.492,16.8,0.253,0.241,0.7,0.024,1.0,0.506,3
342,Shenise Johnson,MIN,G,2020,17,212,342,0.341,5.8,0.897,24.2,0.548,0.244,0.227,0.0,0.833,0.207,5
343,Brionna Jones,CON,F,2020,21,549,343,0.34,12.0,0.442,17.6,0.834,0.16,0.691,0.0,1.0,0.006,0
344,Jazmine Jones,NYL,G,2020,20,428,344,0.468,4.6,1.069,27.1,0.52,0.216,0.315,0.133,0.933,0.263,5
345,Paris Kea,NYL,G,2020,11,165,345,0.11,3.3,1.095,25.5,0.246,0.302,0.067,0.03,0.308,0.452,5
346,Betnijah Laney,ATL,G-F,2020,22,738,346,0.253,3.7,1.21,23.5,0.424,0.327,0.416,0.203,0.8,0.249,5
347,Crystal Langhorne,SEA,F-C,2020,13,107,347,0.353,3.5,0.214,12.8,0.5289999999999999,0.176,0.667,0.0,0.0,0.294,3
348,Kiara Leslie,WAS,G,2020,19,414,348,0.12,4.3,0.547,14.8,0.40800000000000003,0.157,0.476,0.191,0.941,0.435,3
349,Jewell Loyd,SEA,G,2020,22,613,349,0.348,2.8,1.512,24.3,0.316,0.289,0.466,0.22,0.872,0.395,5
350,Marina Mabrey,DAL,G,2020,19,405,350,0.152,3.0,1.258,22.0,0.298,0.127,0.2,0.088,0.816,0.576,4
351,Ezi Magbegor,SEA,C,2020,22,292,351,0.248,10.5,0.594,19.9,0.881,0.092,0.689,0.0,1.0,0.028,0
352,Kayla McBride,LVA,G,2020,22,587,352,0.368,1.9,1.188,20.7,0.278,0.378,0.708,0.137,0.92,0.344,4
353,Angel McCoughtry,LVA,F-G,2020,22,440,353,0.336,10.2,1.734,29.7,0.5489999999999999,0.3,0.455,0.0,1.0,0.15,6
354,Teaira McCowan,IND,C,2020,22,461,354,0.476,18.0,0.315,23.8,0.8340000000000001,0.149,0.711,0.0,0.0,0.018,0
355,Emma Meesseman,WAS,F,2020,20,634,355,0.146,6.1,1.874,21.6,0.454,0.359,0.771,0.067,1.0,0.188,1
356,Kelsey Mitchell,IND,G,2020,22,706,356,0.237,1.0,1.182,24.7,0.334,0.198,0.378,0.028,0.804,0.468,5
357,Leilani Mitchell,WAS,G,2020,22,673,357,0.218,1.9,1.747,16.1,0.301,0.16799999999999998,0.25,0.084,0.759,0.531,3
358,Tiffany Mitchell,IND,G,2020,19,502,358,0.379,3.6,1.085,26.0,0.346,0.313,0.421,0.178,0.765,0.341,5
359,Beatrice Mompremier,CON,F,2020,21,187,359,0.383,19.2,0.123,16.2,0.744,0.255,0.65,0.0,0.0,0.0,0
360,Kaleena Mosqueda-Lewis,CON,F,2020,16,164,360,0.109,0.7,0.415,19.8,0.109,0.156,0.857,0.085,1.0,0.734,4
361,Astou Ndour,DAL,C-F,2020,13,151,361,0.0,9.4,0.705,18.7,0.316,0.245,0.643,0.04,1.0,0.439,1
362,Kia Nurse,NYL,G,2020,21,578,362,0.414,2.1,1.237,25.9,0.341,0.136,0.324,0.092,0.839,0.522,5
363,Leaonna Odom,NYL,F,2020,22,453,363,0.235,8.2,0.574,12.0,0.704,0.091,0.791,0.6,1.0,0.204,2
364,Arike Ogunbowale,DAL,G,2020,22,748,364,0.298,1.5,2.278,31.2,0.334,0.327,0.256,0.042,0.688,0.341,5
365,Nneka Ogwumike,LAS,F,2020,18,476,365,0.293,5.5,0.845,20.9,0.6759999999999999,0.216,0.744,0.167,1.0,0.108,1
366,Candace Parker,LAS,F-C,2020,22,665,366,0.321,6.9,1.324,23.5,0.65,0.15200000000000002,0.562,0.083,0.789,0.198,1
367,Cheyenne Parker,CHI,F,2020,20,497,367,0.389,12.0,0.443,23.3,0.709,0.108,0.72,0.063,0.933,0.183,0
368,Aerial Powers,WAS,G,2020,6,179,368,0.435,1.3,1.28,24.2,0.246,0.377,0.217,0.154,0.778,0.377,5
369,Epiphanny Prince,SEA,G,2020,15,190,369,0.228,0.6,1.006,17.6,0.246,0.28,0.154,0.074,0.556,0.474,3
370,Allie Quigley,CHI,G,2020,22,631,370,0.128,1.2,1.548,23.5,0.13899999999999998,0.399,0.542,0.09,0.783,0.462,5
371,Danielle Robinson,LVA,G,2020,22,492,371,0.347,1.2,1.246,14.9,0.62,0.273,0.474,0.154,1.0,0.107,3
372,Sugar Rodgers,LVA,G,2020,22,263,372,0.049,1.4,1.012,16.5,0.136,0.074,0.167,0.109,0.75,0.79,3
373,Tierra Ruffin-Pratt,LAS,G,2020,17,251,373,0.578,4.5,0.58,11.9,0.333,0.377,0.333,0.077,1.0,0.289,3
374,Mercedes Russell,SEA,C,2020,22,304,374,0.321,6.5,0.408,15.5,0.782,0.218,0.875,0.0,0.0,0.0,2
375,Satou Sabally,DAL,F,2020,16,450,375,0.473,10.0,1.117,25.4,0.539,0.099,0.426,0.136,0.769,0.363,6
376,Katie Lou Samuelson,DAL,F,2020,22,439,376,0.156,2.0,1.019,11.7,0.25,0.126,0.762,0.1,1.0,0.625,3
377,Kylee Shook,NYL,F,2020,20,290,377,0.215,5.6,0.399,16.2,0.557,0.228,0.759,0.118,1.0,0.215,3
378,Odyssey Sims,MIN,G,2020,13,240,378,0.317,4.1,1.828,26.8,0.471,0.298,0.412,0.0,1.0,0.231,5
379,Kamiah Smalls,IND,G,2020,7,100,379,0.1,6.0,2.494,10.1,0.25,0.15,0.5,0.333,1.0,0.6,2
380,Alanna Smith,PHO,F,2020,19,296,380,0.284,8.5,0.941,20.0,0.491,0.08900000000000001,0.727,0.047,1.0,0.422,1
381,Azura Stevens,CHI,F-C,2020,13,355,381,0.169,6.5,0.618,18.5,0.45799999999999996,0.21200000000000002,0.75,0.282,1.0,0.331,1
382,Breanna Stewart,SEA,F,2020,20,607,382,0.353,4.1,1.577,28.9,0.39699999999999996,0.281,0.755,0.021,0.943,0.322,5
383,Kiah Stokes,NYL,C,2020,22,601,383,0.051,5.1,0.477,12.4,0.33499999999999996,0.044,0.774,0.247,0.95,0.62,3
384,Shekinna Stricklen,ATL,F,2020,22,482,384,0.058,0.9,0.448,14.2,0.167,0.11599999999999999,0.5,0.051,0.97,0.717,3
385,Sug Sutton,WAS,G,2020,12,113,385,0.212,0.0,1.189,17.3,0.213,0.273,0.429,0.0,1.0,0.515,3
386,Carolyn Swords,LVA,C,2020,22,384,386,0.44,10.4,0.297,8.9,0.74,0.26,0.652,0.0,0.0,0.0,2
387,Brittney Sykes,LAS,G,2020,21,517,387,0.413,3.8,0.787,18.9,0.46699999999999997,0.207,0.526,0.306,0.875,0.327,4
388,Diana Taurasi,PHO,G,2020,19,533,388,0.481,0.4,2.112,27.5,0.11900000000000001,0.16999999999999998,0.486,0.06,0.639,0.711,5
389,Alyssa Thomas,CON,F,2020,21,689,389,0.484,6.3,1.752,22.2,0.8400000000000001,0.156,0.746,0.0,0.0,0.004,1
390,Jasmine Thomas,CON,G,2020,19,485,390,0.122,0.9,1.436,22.1,0.29800000000000004,0.367,0.364,0.159,0.952,0.335,4
391,Kayla Thornton,DAL,F,2020,22,557,391,0.254,6.3,0.318,13.3,0.325,0.111,0.759,0.139,0.92,0.571,2
392,Brianna Turner,PHO,F,2020,22,613,392,0.368,11.1,0.521,11.9,0.921,0.071,0.879,0.0,0.0,0.009,2
393,Courtney Vandersloot,CHI,G,2020,22,693,393,0.289,2.0,2.572,19.3,0.477,0.175,0.208,0.053,0.8,0.349,4
394,Kia Vaughn,PHO,C,2020,22,415,394,0.15,6.9,0.677,18.2,0.386,0.598,0.855,0.0,0.0,0.016,1
395,Megan Walker,NYL,F,2020,18,205,395,0.064,5.8,0.75,18.7,0.243,0.205,0.737,0.093,1.0,0.551,1
396,Shatori Walker-Kimbrough,PHO,G,2020,21,400,396,0.198,1.8,0.977,17.6,0.317,0.27699999999999997,0.469,0.235,0.818,0.405,3
397,Sami Whitcomb,SEA,G,2020,22,363,397,0.157,1.4,1.516,21.2,0.314,0.086,0.367,0.19,0.969,0.6,4
398,Sydney Wiese,LAS,G,2020,19,363,398,0.129,1.7,0.497,15.2,0.344,0.086,0.727,0.17,0.84,0.57,3
399,Courtney Williams,ATL,G,2020,20,615,399,0.075,6.8,1.253,26.4,0.231,0.658,0.421,0.088,0.75,0.111,6
400,Elizabeth Williams,ATL,C-F,2020,22,647,400,0.371,8.6,0.694,15.7,0.921,0.078,0.724,0.0,0.0,0.0,2
401,Gabby Williams,CHI,F,2020,22,546,401,0.158,4.7,0.628,16.8,0.373,0.184,0.617,0.114,1.0,0.443,3
402,Riquna Williams,LAS,G,2020,21,444,402,0.097,0.8,1.281,22.0,0.172,0.28,0.368,0.196,0.953,0.548,4
403,Jocelyn Willoughby,NYL,F-G,2020,22,383,403,0.385,4.3,0.507,18.3,0.495,0.165,0.667,0.081,1.0,0.339,4
404,A'ja Wilson,LVA,F,2020,22,697,404,0.436,5.9,1.423,28.2,0.57,0.43000000000000005,0.759,0.0,0.0,0.0,6
405,Jackie Young,LVA,G,2020,22,568,405,0.323,3.8,1.286,19.4,0.45,0.481,0.378,0.077,1.0,0.069,4
406,Amanda Zahui B.,NYL,C,2020,21,531,406,0.196,3.1,0.718,21.0,0.266,0.19,0.645,0.01,1.0,0.543,4
407,Essence Carson,TOT,G,2020,21,291,407,0.101,2.8,0.485,18.6,0.273,0.28300000000000003,0.778,0.136,1.0,0.444,4
408,Jacki Gemelos,TOT,G,2020,18,222,408,0.071,1.6,0.605,14.5,0.215,0.161,0.8,0.229,0.889,0.625,3
409,Stella Johnson,TOT,G,2020,9,100,409,0.147,4.7,2.13,18.6,0.471,0.11699999999999999,0.714,0.214,1.0,0.412,1
410,Erica McCall,TOT,F,2020,20,183,410,0.489,15.4,0.17,15.6,0.577,0.333,0.8,0.0,1.0,0.089,0
411,Shey Peddy,TOT,G,2020,17,257,411,0.349,4.2,1.018,15.5,0.301,0.158,0.133,0.029,1.0,0.54,3
412,Essence Carson,WAS,G,2020,10,168,412,0.102,4.2,0.336,19.8,0.322,0.28800000000000003,0.636,0.217,1.0,0.39,4
413,Shey Peddy,WAS,G,2020,9,116,413,0.414,2.0,0.767,16.9,0.344,0.138,0.0,0.067,1.0,0.517,3
414,Essence Carson,CON,G,2020,11,123,414,0.1,0.9,0.714,17.0,0.2,0.275,1.0,0.048,1.0,0.525,3
415,Jacki Gemelos,WAS,G,2020,12,193,415,0.083,1.8,0.725,14.1,0.25,0.146,0.889,0.207,0.833,0.604,3
416,Erica McCall,MIN,F,2020,19,178,416,0.489,15.8,0.177,16.0,0.577,0.333,0.8,0.0,1.0,0.089,0
417,Shey Peddy,PHO,G,2020,8,141,417,0.294,5.9,1.286,14.4,0.264,0.177,0.25,0.0,1.0,0.559,3
418,Natalie Achonwa,MIN,F,2021,18,217,418,0.458,5.7,0.878,14.2,0.521,0.45899999999999996,0.944,0.0,0.0,0.021,3
419,Bella Alarie,DAL,C-F,2021,29,378,419,0.267,11.8,0.257,9.9,0.9,0.067,0.828,0.0,0.0,0.033,2
420,Lindsay Allen,IND,G,2021,28,433,420,0.202,2.1,1.702,15.4,0.421,0.245,0.324,0.158,0.818,0.333,3
421,Rebecca Allen,NYL,F,2021,23,565,421,0.18,3.7,0.892,19.4,0.189,0.23299999999999998,0.692,0.101,0.955,0.578,4
422,Ariel Atkins,WAS,G,2021,28,849,422,0.291,4.2,1.342,24.6,0.23299999999999998,0.308,0.368,0.12,0.847,0.459,5
423,Rachel Banham,MIN,G,2021,25,315,423,0.067,0.8,1.51,20.9,0.158,0.25,0.35,0.085,0.778,0.592,4
424,Monique Billings,ATL,F,2021,28,658,424,0.377,11.8,0.433,16.1,0.72,0.268,0.644,0.5,0.0,0.011,2
425,Sue Bird,SEA,G,2021,28,778,425,0.103,1.2,2.019,16.9,0.10300000000000001,0.259,0.256,0.135,0.862,0.638,3
426,DeWanna Bonner,CON,F-G,2021,30,994,426,0.343,2.8,1.528,24.1,0.358,0.29900000000000004,0.495,0.209,0.756,0.343,5
427,Crystal Bradford,ATL,G,2021,24,440,427,0.204,7.2,1.424,23.0,0.45499999999999996,0.12,0.321,0.198,0.931,0.424,1
428,Jessica Breland,IND,F,2021,26,544,428,0.106,7.7,0.833,19.4,0.45499999999999996,0.455,0.629,0.0,0.8,0.089,1
429,Lexie Brown,CHI,G,2021,14,119,429,0.0,0.0,1.155,13.1,0.071,0.107,0.5,0.043,0.833,0.821,3
430,Kennedy Burke,SEA,G,2021,21,157,430,0.264,5.3,0.503,20.2,0.5660000000000001,0.132,0.579,0.188,1.0,0.302,1
431,Liz Cambage,LVA,C,2021,24,585,431,0.395,7.8,0.736,25.7,0.715,0.234,0.737,0.0,1.0,0.051,6
432,Jordin Canada,SEA,G,2021,28,526,432,0.433,3.4,1.571,17.3,0.5740000000000001,0.33299999999999996,0.283,0.154,1.0,0.092,3
433,Bridget Carleton,MIN,F,2021,29,568,433,0.141,4.8,0.652,12.9,0.273,0.188,0.704,0.362,1.0,0.539,3
434,DiJonai Carrington,CON,G-F,2021,22,186,434,0.132,8.4,0.41,23.0,0.662,0.059,0.444,0.211,1.0,0.279,1
435,Chennedy Carter,ATL,G,2021,11,280,435,0.303,1.8,1.752,27.0,0.636,0.295,0.322,0.111,1.0,0.068,5
436,Kaila Charles,CON,G-F,2021,28,447,436,0.179,8.5,0.764,16.2,0.52,0.236,0.649,0.333,1.0,0.244,2
437,Tina Charles,WAS,C,2021,24,790,437,0.241,9.1,1.418,33.5,0.519,0.22299999999999998,0.651,0.096,0.978,0.258,6
438,Natasha Cloud,WAS,G,2021,24,741,438,0.258,1.3,1.672,15.0,0.371,0.186,0.178,0.089,0.65,0.444,3
439,Nia Coffey,LAS,F,2021,29,732,439,0.159,2.6,0.434,16.5,0.29400000000000004,0.16399999999999998,0.718,0.196,0.979,0.541,3
440,Charli Collier,DAL,F-C,2021,27,332,440,0.284,9.7,0.16,13.9,0.6659999999999999,0.33399999999999996,0.7,0.0,0.0,0.0,2
441,Napheesa Collier,MIN,F,2021,26,900,441,0.277,5.6,1.104,22.9,0.597,0.19999999999999998,0.652,0.197,0.944,0.203,1
442,Te'a Cooper,LAS,G,2021,28,588,442,0.312,0.8,0.643,23.7,0.541,0.174,0.211,0.161,0.947,0.284,5
443,Kahleah Copper,CHI,G-F,2021,29,910,443,0.31,4.8,0.81,21.8,0.615,0.162,0.679,0.221,1.0,0.223,1
444,Sophie Cunningham,PHO,G,2021,28,486,444,0.19,2.2,0.908,14.0,0.356,0.083,0.76,0.235,0.964,0.562,3
445,Crystal Dangerfield,MIN,G,2021,28,536,445,0.177,1.8,1.841,21.6,0.41900000000000004,0.242,0.353,0.043,0.833,0.34,4
446,Damiris Dantas,MIN,F,2021,24,572,446,0.137,3.2,0.781,18.3,0.251,0.16499999999999998,0.656,0.088,0.971,0.583,4
447,Diamond DeShields,CHI,G,2021,29,792,447,0.322,1.6,0.978,21.0,0.484,0.258,0.663,0.233,0.955,0.258,4
448,Blake Dietrick,ATL,G,2021,6,111,448,0.0,1.8,0.661,10.3,0.286,0.048,0.5,0.286,1.0,0.667,3
449,Skylar Diggins-Smith,PHO,G,2021,30,980,449,0.509,2.0,2.05,25.2,0.504,0.16499999999999998,0.293,0.177,0.696,0.331,5
450,Stefanie Dolson,CHI,C,2021,23,461,450,0.135,4.1,0.623,17.3,0.476,0.22,0.885,0.093,0.944,0.305,3
451,Sylvia Fowles,MIN,C,2021,28,846,451,0.313,7.7,0.547,22.1,0.823,0.176,0.753,0.0,0.0,0.0,1
452,Kysre Gondrezick,IND,G,2021,19,173,452,0.087,2.0,0.631,16.8,0.152,0.239,0.2,0.107,0.875,0.609,3
453,Allisha Gray,DAL,G,2021,23,625,453,0.247,5.2,1.0,19.7,0.39,0.274,0.464,0.147,0.857,0.336,1
454,Chelsea Gray,LVA,G,2021,29,859,454,0.116,2.0,1.619,20.3,0.324,0.47,0.234,0.048,0.875,0.205,4
455,Reshanda Gray,NYL,F,2021,15,210,455,0.406,7.3,0.202,20.8,0.7969999999999999,0.063,0.906,0.111,1.0,0.141,1
456,Brittney Griner,PHO,C,2021,28,929,456,0.314,8.2,1.364,26.3,0.716,0.263,0.685,0.0,0.75,0.022,6
457,Arella Guirantes,LAS,G,2021,22,250,457,0.271,2.3,0.808,19.8,0.29400000000000004,0.435,0.389,0.13,1.0,0.271,4
458,Megan Gustafson,WAS,C,2021,10,106,458,0.281,11.1,0.0,19.0,0.75,0.188,0.684,0.0,0.0,0.063,0
459,Dearica Hamby,LVA,F,2021,26,648,459,0.495,5.4,0.822,20.0,0.743,0.095,0.717,0.059,1.0,0.162,1
460,Isabelle Harrison,DAL,F,2021,27,643,460,0.258,7.6,0.654,20.7,0.7989999999999999,0.198,0.705,0.0,0.0,0.004,1
461,Tyasha Harris,DAL,G,2021,30,500,461,0.203,1.8,1.599,15.9,0.297,0.29700000000000004,0.25,0.196,0.889,0.406,3
462,Bernadett Hatar,IND,C,2021,7,106,462,0.241,7.5,0.129,18.2,0.552,0.448,0.929,0.0,0.0,0.0,1
463,Tianna Hawkins,ATL,F,2021,25,415,463,0.193,3.4,0.333,16.8,0.353,0.11699999999999999,0.774,0.111,1.0,0.529,3
464,Tiffany Hayes,ATL,G,2021,18,504,464,0.325,2.0,1.76,21.9,0.5589999999999999,0.10200000000000001,0.414,0.194,0.852,0.34,4
465,Ruthy Hebard,CHI,F,2021,27,458,465,0.254,10.0,0.632,15.4,0.77,0.214,0.739,0.0,0.0,0.016,2
466,Natisha Hiedeman,CON,G,2021,30,603,466,0.238,1.3,1.108,17.8,0.254,0.099,0.346,0.188,0.667,0.646,4
467,Myisha Hines-Allen,WAS,F,2021,16,421,467,0.268,7.6,1.605,26.1,0.639,0.17,0.577,0.108,1.0,0.191,6
468,Natasha Howard,NYL,F,2021,11,290,468,0.159,8.5,0.734,29.9,0.648,0.131,0.709,0.063,1.0,0.221,6
469,Sabrina Ionescu,NYL,G,2021,28,833,469,0.262,2.8,1.618,21.3,0.269,0.16399999999999998,0.189,0.096,0.776,0.567,4
470,Briann January,CON,G,2021,27,825,470,0.244,1.4,0.715,12.5,0.154,0.416,0.214,0.134,0.88,0.429,3
471,Moriah Jefferson,DAL,G,2021,28,482,471,0.035,2.8,1.192,16.8,0.28,0.385,0.31,0.063,0.909,0.336,3
472,Brionna Jones,CON,F,2021,30,938,472,0.303,12.5,0.72,21.2,0.813,0.178,0.689,0.333,0.0,0.009,0
473,Jazmine Jones,NYL,G,2021,25,424,473,0.296,3.3,0.589,21.6,0.486,0.19,0.382,0.174,0.944,0.324,4
474,Jonquel Jones,CON,F,2021,25,799,474,0.317,10.1,1.135,27.5,0.531,0.163,0.66,0.047,0.975,0.306,6
475,Awak Kuier,DAL,F-C,2021,14,122,475,0.4,8.2,0.346,20.1,0.372,0.171,0.571,0.063,1.0,0.457,1
476,Betnijah Laney,NYL,G-F,2021,30,1001,476,0.274,2.9,1.576,27.0,0.41200000000000003,0.349,0.448,0.194,0.719,0.24,5
477,Jantel Lavender,IND,F,2021,23,468,477,0.111,9.4,0.853,19.4,0.389,0.512,0.864,0.063,1.0,0.099,1
478,Jewell Loyd,SEA,G,2021,29,908,478,0.251,2.9,1.704,27.3,0.33799999999999997,0.284,0.449,0.179,0.82,0.379,5
479,Marina Mabrey,DAL,G,2021,30,721,479,0.131,3.2,1.486,27.2,0.23399999999999999,0.279,0.365,0.114,0.672,0.487,5
480,Ezi Magbegor,SEA,C,2021,28,398,480,0.239,12.7,0.641,20.7,0.859,0.084,0.797,0.25,1.0,0.056,0
481,Kayla McBride,MIN,G,2021,29,918,481,0.303,0.9,1.368,18.7,0.247,0.273,0.792,0.164,0.982,0.48,4
482,Erica McCall,WAS,F,2021,20,312,482,0.446,10.6,0.34,13.8,0.8150000000000001,0.169,0.667,0.0,0.0,0.015,2
483,Teaira McCowan,IND,C,2021,28,714,483,0.569,14.9,0.514,19.9,0.917,0.08299999999999999,0.661,0.0,0.0,0.0,0
484,Aari McDonald,ATL,G,2021,27,411,484,0.309,2.0,1.3,21.4,0.217,0.191,0.15,0.144,0.667,0.592,4
485,Kelsey Mitchell,IND,G,2021,28,908,485,0.167,2.1,1.396,25.0,0.271,0.30400000000000005,0.415,0.133,0.719,0.425,5
486,Leilani Mitchell,WAS,G,2021,28,656,486,0.144,1.5,1.089,13.8,0.138,0.081,0.167,0.232,0.867,0.781,3
487,Tiffany Mitchell,IND,G,2021,27,737,487,0.502,3.8,0.893,21.5,0.55,0.263,0.446,0.304,0.818,0.186,4
488,Beatrice Mompremier,CON,F,2021,30,262,488,0.255,12.4,0.179,12.1,0.808,0.191,0.727,0.0,0.0,0.0,2
489,Astou Ndour,CHI,C-F,2021,17,304,489,0.302,12.0,0.333,19.8,0.603,0.114,0.8,0.167,1.0,0.283,0
490,Kia Nurse,PHO,G,2021,30,783,490,0.232,2.2,0.781,19.0,0.29200000000000004,0.108,0.526,0.253,0.846,0.6,4
491,Leaonna Odom,NYL,F,2021,18,217,491,0.267,6.0,0.367,12.6,0.6000000000000001,0.022,0.813,0.647,1.0,0.378,2
492,Arike Ogunbowale,DAL,G,2021,30,934,492,0.281,2.5,1.932,29.0,0.356,0.244,0.261,0.067,0.667,0.4,5
493,Chiney Ogwumike,LAS,F-C,2021,7,134,493,0.163,9.3,1.262,20.4,0.694,0.22499999999999998,0.647,0.0,1.0,0.082,1
494,Nneka Ogwumike,LAS,F,2021,15,469,494,0.186,4.8,1.233,21.2,0.616,0.23399999999999999,0.699,0.16,1.0,0.15,1
495,Michaela Onyenwere,NYL,F,2021,30,679,495,0.295,3.5,0.387,18.3,0.447,0.051000000000000004,0.694,0.367,1.0,0.502,4
496,Candace Parker,CHI,F-C,2021,20,543,496,0.26,6.3,1.387,24.4,0.548,0.178,0.544,0.083,0.864,0.274,6
497,Cheyenne Parker,ATL,F,2021,13,270,497,0.255,4.9,0.836,22.6,0.5640000000000001,0.164,0.875,0.133,1.0,0.273,1
498,JiSu Park,LVA,C,2021,23,202,498,0.391,8.1,0.46,15.7,0.521,0.391,0.688,0.0,0.0,0.087,2
499,Shey Peddy,PHO,G,2021,30,494,499,0.173,5.4,1.274,15.5,0.323,0.126,0.179,0.186,0.826,0.551,3
500,Theresa Plaisance,WAS,F,2021,29,529,500,0.128,4.2,0.979,20.3,0.20500000000000002,0.236,0.778,0.147,0.971,0.559,4
501,Kelsey Plum,LVA,G,2021,23,581,501,0.309,2.0,1.876,24.4,0.378,0.241,0.275,0.116,0.824,0.382,5
502,Aerial Powers,MIN,G,2021,11,224,502,0.462,4.4,0.933,31.5,0.346,0.41400000000000003,0.294,0.12,0.5,0.24,6
503,Epiphanny Prince,SEA,G,2021,27,382,503,0.242,3.1,1.445,18.4,0.3,0.33399999999999996,0.276,0.023,0.762,0.367,4
504,Allie Quigley,CHI,G,2021,23,573,504,0.177,3.1,1.878,22.4,0.259,0.296,0.712,0.167,0.92,0.444,4
505,DiDi Richards,NYL,G-F,2021,29,320,505,0.138,2.9,0.612,11.0,0.46599999999999997,0.189,0.688,0.2,1.0,0.345,3
506,Danielle Robinson,IND,G,2021,24,659,506,0.299,1.4,1.587,19.1,0.5780000000000001,0.303,0.325,0.04,1.0,0.118,4
507,Mercedes Russell,SEA,C,2021,28,680,507,0.314,8.1,0.537,12.9,0.8540000000000001,0.146,0.786,0.0,0.0,0.0,2
508,Satou Sabally,DAL,F,2021,16,404,508,0.384,7.4,1.241,24.2,0.547,0.11900000000000001,0.653,0.0,0.889,0.333,6
509,Katie Lou Samuelson,SEA,F,2021,25,535,509,0.177,2.4,0.856,15.9,0.33999999999999997,0.184,0.643,0.314,1.0,0.476,3
510,Jessica Shepard,MIN,F,2021,20,214,510,0.3,13.2,0.897,13.2,0.625,0.075,0.643,0.167,1.0,0.3,2
511,Kylee Shook,NYL,F,2021,28,555,511,0.033,4.2,0.656,15.5,0.5289999999999999,0.07300000000000001,0.872,0.05,1.0,0.397,3
512,Odyssey Sims,ATL,G,2021,28,719,512,0.167,2.1,1.709,20.9,0.482,0.279,0.5,0.258,1.0,0.239,4
513,Destiny Slocum,LVA,G,2021,19,114,513,0.278,2.0,0.707,9.7,0.222,0.111,0.5,0.583,1.0,0.667,3
514,Alanna Smith,PHO,F,2021,18,117,514,0.118,5.2,0.896,16.5,0.294,0.088,0.75,0.143,1.0,0.618,3
515,Azura Stevens,CHI,F-C,2021,27,523,515,0.174,10.3,0.524,16.9,0.602,0.14900000000000002,0.714,0.15,1.0,0.248,2
516,Breanna Stewart,SEA,F,2021,28,934,516,0.355,4.3,1.759,27.3,0.457,0.219,0.76,0.056,0.958,0.324,5
517,Shekinna Stricklen,ATL,F,2021,22,218,517,0.064,0.9,2.292,16.5,0.077,0.154,1.0,0.167,0.923,0.769,3
518,Brittney Sykes,LAS,G,2021,29,831,518,0.286,4.6,1.203,18.1,0.548,0.32599999999999996,0.442,0.313,1.0,0.127,1
519,Stephanie Talbot,SEA,F,2021,28,492,519,0.061,2.9,0.578,16.4,0.394,0.166,0.667,0.19,0.958,0.439,3
520,Diana Taurasi,PHO,G,2021,16,455,520,0.377,0.8,1.73,27.4,0.173,0.194,0.483,0.099,0.585,0.634,5
521,Jasmine Thomas,CON,G,2021,28,840,521,0.201,2.0,1.33,20.5,0.394,0.247,0.224,0.23,0.897,0.358,4
522,Kayla Thornton,DAL,F,2021,29,800,522,0.27,8.8,0.642,13.1,0.487,0.19,0.672,0.233,1.0,0.324,2
523,Kristi Toliver,LAS,G,2021,19,525,523,0.117,1.9,1.209,18.0,0.179,0.308,0.333,0.12,0.536,0.512,4
524,Brianna Turner,PHO,F,2021,30,933,524,0.238,9.3,0.517,12.3,0.968,0.027,0.856,0.0,0.0,0.005,2
525,Courtney Vandersloot,CHI,G,2021,29,909,525,0.173,1.7,1.983,19.4,0.364,0.28600000000000003,0.393,0.091,0.714,0.35,4
526,Kia Vaughn,PHO,C,2021,26,402,526,0.149,6.6,0.654,18.8,0.388,0.603,0.882,0.0,0.0,0.008,1
527,Victoria Vivians,IND,G,2021,27,513,527,0.146,2.6,0.533,19.5,0.191,0.23,0.571,0.204,0.926,0.579,4
528,Megan Walker,PHO,F,2021,27,414,528,0.21,1.7,0.714,19.8,0.301,0.189,0.68,0.288,1.0,0.51,4
529,Erica Wheeler,LAS,G,2021,29,873,529,0.246,2.1,1.869,25.2,0.482,0.29200000000000004,0.2,0.075,0.517,0.227,5
530,Sami Whitcomb,NYL,G,2021,28,786,530,0.131,1.5,0.984,18.2,0.254,0.062,0.488,0.156,0.797,0.684,4
531,Sydney Wiese,WAS,G,2021,25,566,531,0.144,0.9,0.692,12.7,0.296,0.08,0.611,0.256,0.913,0.624,3
532,Courtney Williams,ATL,G,2021,29,996,532,0.098,4.4,2.319,25.3,0.156,0.653,0.339,0.168,0.811,0.19,5
533,Elizabeth Williams,ATL,C-F,2021,29,680,533,0.333,8.8,0.633,11.8,0.9359999999999999,0.064,0.722,0.0,0.0,0.0,2
534,Riquna Williams,LVA,G,2021,29,758,534,0.181,0.6,1.171,15.4,0.097,0.31,0.524,0.164,0.909,0.593,3
535,A'ja Wilson,LVA,F,2021,29,932,535,0.422,7.4,2.013,26.1,0.631,0.366,0.684,0.0,1.0,0.002,6
536,Jackie Young,LVA,G,2021,29,932,536,0.303,2.0,1.22,16.9,0.33599999999999997,0.603,0.659,0.059,1.0,0.061,3
537,Amanda Zahui B.,LAS,C,2021,27,646,537,0.185,3.5,0.477,21.9,0.332,0.22799999999999998,0.817,0.02,1.0,0.44,4
538,Shavonte Zellous,WAS,G,2021,25,404,538,0.257,3.7,1.218,15.0,0.257,0.381,0.586,0.158,0.556,0.362,3
539,Kristine Anigwe,TOT,F-C,2021,10,136,539,0.621,9.1,0.257,16.7,1.0,0.0,0.667,0.0,0.0,0.0,2
540,Emma Cannon,TOT,F,2021,16,195,540,0.204,10.3,0.348,17.6,0.46299999999999997,0.223,0.55,0.059,1.0,0.315,0
541,Layshia Clarendon,TOT,G,2021,21,527,541,0.205,2.8,1.405,21.7,0.637,0.28,0.214,0.143,1.0,0.082,4
542,Lauren Cox,TOT,F,2021,24,285,542,0.29,6.0,0.359,13.6,0.629,0.242,0.783,0.125,1.0,0.129,2
543,Candice Dupree,TOT,F,2021,23,404,543,0.13,3.3,0.587,19.2,0.39,0.575,0.726,0.0,1.0,0.034,4
544,Dana Evans,TOT,G,2021,26,177,544,0.369,0.7,1.277,22.8,0.216,0.216,0.4,0.027,0.6,0.569,4
545,Bria Holmes,TOT,G,2021,19,318,545,0.24,7.1,0.673,18.7,0.542,0.11499999999999999,0.522,0.182,1.0,0.344,1
546,Karlie Samuelson,TOT,G,2021,13,192,546,0.179,1.8,0.544,12.2,0.129,0.205,0.25,0.231,1.0,0.667,3
547,Kiah Stokes,TOT,C,2021,21,354,547,0.25,9.9,0.172,4.6,0.875,0.042,0.846,0.5,1.0,0.083,2
548,Shatori Walker-Kimbrough,TOT,G,2021,14,279,548,0.517,1.5,0.491,14.3,0.433,0.267,0.542,0.5,0.75,0.3,3
549,Candice Dupree,SEA,F,2021,16,260,549,0.117,3.6,0.595,19.7,0.446,0.511,0.75,0.0,1.0,0.043,4
550,Bria Holmes,LAS,G,2021,17,312,550,0.242,7.3,0.706,18.8,0.548,0.10500000000000001,0.522,0.182,1.0,0.347,1
551,Karlie Samuelson,LAS,G,2021,11,174,551,0.206,2.0,0.739,11.3,0.147,0.176,0.0,0.261,1.0,0.676,3
552,Kiah Stokes,NYL,C,2021,9,135,552,0.182,7.0,0.167,6.0,0.728,0.091,0.8,0.5,1.0,0.182,2
553,Layshia Clarendon,MIN,G,2021,20,524,553,0.205,2.8,1.451,21.7,0.637,0.28,0.214,0.143,1.0,0.082,4
554,Shatori Walker-Kimbrough,WAS,G,2021,13,275,554,0.517,1.6,0.525,14.3,0.433,0.267,0.542,0.5,0.75,0.3,3
555,Kristine Anigwe,LAS,F-C,2021,7,106,555,0.696,10.7,0.324,17.7,1.0,0.0,0.556,0.0,0.0,0.0,0
556,Dana Evans,CHI,G,2021,20,153,556,0.373,0.8,1.565,23.2,0.23700000000000002,0.187,0.4,0.0,0.571,0.576,5
557,Emma Cannon,IND,F,2021,8,120,557,0.219,9.4,0.284,16.4,0.5,0.28200000000000003,0.643,0.143,1.0,0.219,2
558,Kiah Stokes,LVA,C,2021,12,219,558,0.308,11.7,0.192,3.8,1.0,0.0,0.875,0.0,0.0,0.0,2
559,Lauren Cox,LAS,F,2021,13,190,559,0.372,6.0,0.528,14.0,0.721,0.163,0.778,0.2,1.0,0.116,2
560,Candice Dupree,ATL,F,2021,7,144,560,0.154,2.8,0.542,18.4,0.28800000000000003,0.692,0.682,0.0,0.0,0.019,4
