PLAYER,TEAM,AGE,FGM_ra,FGA_ra,FGpct_ra,FGM_paint,FGA_paint,FGpct_paint,FGM_mr,FGA_mr,FGpct_mr,FGM_left,FGA_left,FGpct_left,FGM_right,FGA_right,FGpct_right,FGM_break,FGA_break,FGpct_break,oFGM_ra,oFGA_ra,oFGpct_ra,oFGM_paint,oFGA_paint,oFGpct_paint,oFGM_mr,oFGA_mr,oFGpct_mr,oFGM_left,oFGA_left,oFGpct_left,oFGM_right,oFGA_right,oFGpct_right,oFGM_break,oFGA_break,oFGpct_break,GP,W,L,MIN,USGpct,pct_tm_FGM,pct_tm_FGA,pct_tm_3PM,pct_tm_3PA,pct_tm_FTM,pct_tm_FTA,pct_tm_OREB,pct_tm_DREB,pct_tm_REB,pct_tm_AST,pct_tm_TOV,pct_tm_STL,pct_tm_BLK,pct_tm_BLKA,pct_tm_PF,pct_tm_PFD,pct_tm_PTS,OFFRTG_gm,DEFRTG,NETRTG,ASTpct_gm,AST_TO,AST_RATIO,OREBpct_gm,DREBpct_gm,REBpct_gm,TO_RATIO,EFGpct_gm,TSpct_gm,PACE,PACE_40,PIE_gm,MPG,PTS_100,FGM_100,FGA_100,FGpct_100,3PM_100,3PA_100,3Ppct_100,FTM_100,FTA_100,FTpct_100,OREB_100,DREB_100,REB_100,AST_100,TOV_100,STL_100,BLK_100,PF_100,FP_100,DD2,TD3,plus_minus_100,MPP,pct_FGA_2pt,pct_FGA_3pt,pct_PTS_2pt,pct_PTS_2ptMR,pct_PTS_3pt,pct_PTS_fbps,pct_PTS_ft,pct_PTS_off_to,pct_PTS_paint,2FGM_ast,2FGM_uast,3FGM_ast,3FGM_uast,FGM_ast,FGM_uast
A'JA WILSON,LVA,24,2.9,3.9,75.3,2.7,6.3,42.4,2,5.5,35.2,0,0,0,0,0,0,0,0,0,8.2,12,68.2,5.1,12.9,39.9,5.1,14.3,36,0.5,1.8,26.5,0.4,1.3,32,5.1,15,34.2,22,18,4,697,27.5,28.7,28.7,0,0,33.4,35.2,23.6,30.1,28.7,12.1,16.7,18.8,71,25,19.7,30.2,28.5,108.8,96.3,12.5,10.9,1.29,9.1,5.2,20.8,13.5,7.1,48,54.6,99.94,83.29,16.4,31.7,31.1,11.5,23.9,48,0,0,0,8.1,10.4,78.1,2.3,10.6,13,3.1,2.4,1.9,3,3.4,63.6,7,0,12.3,48.1,100,0,73.8,19.1,0,4.2,26.2,18,54.7,75.9,24.1,0,0,75.9,24.1
AERIAL POWERS,WAS,27,0.8,0.8,100,1.5,2.7,56.3,1.5,3.7,40.9,0,0.3,0,0,0.2,0,1.5,3.8,39.1,6.2,8.3,74,4.7,11.7,40,4,11.3,35.3,0.2,1.2,14.3,0.5,1.3,37.5,5.2,13.7,37.8,6,3,3,179,22.3,22.1,22,23.7,25.2,36.8,34.9,7.7,21.8,19.3,18.5,19.6,22.5,0,25,19.3,25,24.7,106.5,95.4,11,13.3,1.36,14,1.1,15.6,8.2,10.3,52.9,59.6,99.54,82.95,14,29.8,26.3,8.6,18.5,46.4,2.4,7,34.6,6.7,8.1,83.3,0.5,7.3,7.8,4,3,2.4,0,4.3,46,0,0,11.6,48.1,62.3,37.7,46.9,18.4,27.6,2,25.5,22.4,28.6,21.7,78.3,77.8,22.2,37.5,62.5
ALAINA COATES,WAS,25,0.8,1,75,0.1,0.6,18.2,0.1,0.2,33.3,0,0,0,0,0,0,0,0,0,2.4,3.7,64.9,1.8,3.6,49.3,0.9,3.4,26.9,0.3,0.6,40,0.2,0.8,20,1.5,3.9,38.5,20,8,12,197,12.7,14.9,10.6,0,0,22.2,32.1,43.5,30.2,34,11.5,14.3,16.3,30.8,33.3,34.4,29.4,14.5,86.9,92.7,-5.8,8.7,0.75,13.4,9.6,19.7,14.2,17.9,52.9,55,96.62,80.52,8.2,9.9,12.6,4.5,8.6,52.9,0,0,0,3.5,6.5,53.8,5,8.8,13.9,2.3,3,1.8,1,8.3,37.9,0,0,-5.8,49.7,100,0,72,4,0,0,28,28,68,66.7,33.3,0,0,66.7,33.3
ALANNA SMITH,PHO,24,1.1,1.5,69,0.4,1.1,40,0.3,0.5,50,0.1,0.1,100,0,0,0,0.5,2.2,21.4,4.4,5.9,73.5,2.2,7.6,28.5,2.3,6.2,37.3,0.2,0.9,18.2,0,0.5,0,2.1,6.5,32.3,19,12,7,296,19.2,18.1,20.5,14.3,22.4,18.7,22,36.2,23.9,26.6,15.3,15.1,9.4,34.1,33.3,32.4,23,17.8,105.5,93.5,12,11.8,1.28,14.7,7.7,15,11.6,11.5,47.1,50.5,100.33,83.61,8.1,15.6,18.7,6.9,16.5,42.2,1.6,6.9,23.3,3.2,4.7,69,3.4,7.8,11.1,3.7,2.9,0.8,2.4,7.6,44.5,0,0,12.1,47.8,57.8,42.2,56.9,8.6,25.9,3.4,17.2,12.9,48.3,72.7,27.3,100,0,79.1,20.9
ALEXIS JONES,ATL,26,0,0,0,0,0,0,0.2,0.4,50,0,0,0,0,0,0,1.2,3.2,36.8,2.3,3.8,60.9,0.8,3.3,25,1,2.8,35.7,0,0,0,0,0.5,0,2.5,3.8,65.2,6,1,5,53,22.4,22.2,24.1,53.8,44.2,5.6,7.7,0,0,0,25,24,25,0,25,11.5,16.7,23.3,92.8,101.8,-9,17.9,0.83,15.2,0,0,0,18.2,54.8,54.8,99.92,83.27,5.7,8.8,21.6,7.2,18.9,38.1,6.3,17.1,36.8,0.9,1.8,50,0,0,0,4.5,5.4,2.7,0,2.7,31.1,0,0,-8.1,47.8,9.5,90.5,8.3,8.3,87.5,0,4.2,25,0,0,100,57.1,42.9,50,50
ALEXIS PRINCE,CHI,26,0,0,0,0.5,0.5,100,0,0.5,0,0,0,0,0,0,0,1,1.5,66.7,1,4.5,22.2,0,2,0,1.5,4.5,33.3,0,0,0,0,0,0,2,4,50,2,1,1,16,13.2,30,17.2,100,33.3,0,0,50,6.7,15.8,0,0,0,33.3,0,14.3,25,36.4,66.7,100,-33.3,0,0,0,10.5,4.8,7.5,0,80,80,97.6,81.33,17.4,8,24.2,9.1,15.2,60,6.1,9.1,66.7,0,0,0,6.1,3,9.1,0,0,0,3,3,44.2,0,0,-30.3,48.4,40,60,25,0,75,37.5,0,0,25,0,100,100,0,66.7,33.3
ALISIA JENKINS,PHO,26,0,0.3,0,0.2,0.4,50,0.3,0.7,50,0,0,0,0,0,0,0,0.6,0,2.5,3.5,71.4,1.2,2.4,50,0.3,2,16.7,0.3,0.3,100,0,1,0,0.6,2,30,5,1,4,27,20.3,16.7,18.2,0,16.7,21.1,28.6,0,22.2,15.4,0,33.3,0,0,100,25,20,17.4,78,94.7,-16.8,0,0,0,0,16,7,21.4,25,37.6,101.27,84.39,-2.9,5.5,13.6,3.4,13.6,25,0,5.1,0,6.8,10.2,66.7,0,6.8,6.8,0,5.1,0,0,5.1,16.6,0,0,-13.6,46.6,62.5,37.5,50,25,0,0,50,37.5,25,100,0,0,0,100,0
ALLIE QUIGLEY,CHI,34,0.5,0.6,78.6,1,2,46.7,2.3,4.4,53.1,0.2,0.3,50,0.1,0.1,100,1.9,5.7,33.6,8.5,13.5,63.1,5.2,13.3,38.9,4.7,11.3,41.9,0.6,1.1,50,0.3,0.8,38.5,4,10.5,37.7,22,12,10,631,22.6,24.2,26.5,36.2,37.5,18.6,16.7,5.1,13.7,11.8,14.9,11.3,13.5,9.1,11.7,11.4,17.5,24.6,106.1,103.9,2.2,12.6,1.82,13.4,1,9.2,5.3,7.3,52.8,55.5,98.38,81.98,10.3,28.7,26.1,9.9,22.2,44.8,3.5,10.3,34.6,2.6,2.9,91.9,0.5,4.4,4.9,3.9,2.2,1.1,0.5,2.4,40.3,0,0,2.9,48.6,53.8,46.2,49.1,30.2,40.8,7.1,10.1,14.2,18.9,54.2,45.8,78.3,21.7,62.8,37.2
ALLISHA GRAY,DAL,26,1.6,2,82.1,1.3,3,44.1,0.4,1.4,29.6,0.1,0.1,50,0.1,0.1,50,1.2,3.4,34.3,6.8,9.8,68.9,6.2,13.8,45.1,3.5,8.5,41.2,0.7,1.3,52.4,0.3,0.9,35.7,3,8.1,37,20,7,13,524,20,22.8,21.4,19.2,19.8,24.7,24.3,23.3,18.8,20,12.2,13.8,21.8,16.2,22.9,14.9,20.8,22.7,108.8,106.9,1.9,8.4,1.18,9.7,5.1,12.1,8.4,8.2,52.8,58.1,96.95,80.79,11.2,26.2,24.7,8.6,18.6,46.4,2.4,6.7,35.2,5.1,6.2,83.1,2.6,5.4,8,2.5,2.1,2.1,0.6,3.6,43.8,0,0,1.3,49.7,63.8,36.2,50.6,6.1,28.7,13.8,20.7,18,44.4,37.9,62.1,84,16,50.5,49.5
ALYSHA CLARK,SEA,33,1.2,1.5,76.5,0.7,1.5,46.9,0.3,0.6,42.9,0.2,0.3,71.4,0,0,0,1.4,2.7,50,6.9,10.5,66.1,4.2,11.9,35.2,4.1,11.7,35,0.3,1.3,20.7,0.6,1.5,37.5,4,12.6,31.7,22,18,4,633,12.1,15.6,13.5,24.5,19.8,7.9,8.1,15,17.2,16.7,16.2,9,19.8,15.1,4.9,15.1,12.5,15.1,111.6,90.9,20.7,13.3,3.11,25.1,3.2,11.2,7.5,8.1,67.7,69.3,98.77,82.31,12.1,28.8,16.9,6.3,11.3,55.8,2.7,5.2,52.2,1.5,1.9,80,1.5,5.7,7.2,4.5,1.5,2.5,0.8,2.9,41,0,0,20.1,48.8,54.4,45.6,42.9,5.5,47.9,10,9.1,23.7,37.4,80.9,19.1,94.3,5.7,86.6,13.4
ALYSSA THOMAS,CON,28,2.7,4.1,65.1,2.8,6.8,41.3,0.3,0.7,50,0,0,0,0,0,0,0,0,0,8.3,12,69.4,5.2,13,40.3,4.7,12.5,37.3,0.4,1.4,26.1,0.4,1.4,30.4,4.1,13,31.5,21,10,11,689,21.8,23.1,20.4,0,0.3,31.8,35.5,24.1,33.9,31.3,30.9,21.5,25.3,12,25,18.2,30.1,23.1,101.4,97.1,4.3,24.9,1.94,22.3,5.5,23.3,14.1,11.5,50,54.9,96.94,80.78,17.2,32.8,23.4,8.8,17.6,50,0,0.1,0,5.8,8.5,68.6,2.8,10.9,13.7,7.3,3.7,3,0.4,4.2,57.3,7,0,4.1,49.6,99.6,0.4,75.1,4.3,0,13.2,24.9,25.8,70.8,74.6,25.4,0,0,74.6,25.4
AMANDA ZAHUI B,NYL,27,0.9,1.3,64.3,0.3,1.1,26.1,0.4,1.7,21.2,0,0.1,0,0,0,0,1.6,4.7,34.3,5.7,9,63.5,5.1,11.5,44.4,5.2,14.3,36.5,0.3,0.7,42.9,0.2,0.7,30,3.5,10.3,33.8,21,2,19,531,20.6,19.9,21.5,33.7,28.6,12.7,15.1,14.9,42.3,36.6,19.6,20.9,22.4,45.6,11.5,25.9,16.7,19.9,86.8,99.5,-12.7,15.3,0.74,13.6,2.8,28.6,16,18.4,44.6,47.3,99.04,82.53,11.8,25.3,17.3,5.9,16.8,35.3,3.1,9.1,34,2.3,3.3,69.4,1.4,14.9,16.3,3.7,4.9,1.7,2.4,5.9,49.6,3,0,-12.9,48.5,45.7,54.3,32.8,7.4,54,6.3,13.2,11.6,25.4,64.5,35.5,100,0,83.1,16.9
ANGEL MCCOUGHTRY,LVA,34,1.9,2.8,68.9,1.6,3.2,50,1.1,2.8,39.3,0,0,0,0,0,0,0.7,1.5,47.1,5.1,7.3,70.2,3.5,8.3,42.6,3.3,8.7,38.2,0.4,1.6,25,0.3,1.4,21.1,3.3,9.6,34.1,22,18,4,440,27.9,30,28.3,35.6,29.3,31.3,29.2,32.7,22.9,25.4,21.5,29.2,35.8,16.2,22.9,30.4,33.7,30.5,111.5,95.3,16.2,19.8,1.42,15.4,8.7,16.4,12.7,10.8,55.3,61.1,101.88,84.9,17.4,20,34,12.6,24.2,51.8,1.7,3.6,47.1,7.2,8.2,88.2,4,8,12,5.8,4.1,3.1,0.6,5.3,64.3,1,0,15.8,47.2,85,15,63.7,15.1,15.1,7.3,21.1,19.9,48.6,45.5,54.5,100,0,53,47
ARIEL ATKINS,WAS,24,0.6,0.9,70,0.5,1.5,33.3,1.9,4.1,45.1,0.2,0.4,42.9,0,0,0,1.9,4.5,41.4,6.7,9.5,70,5.7,13.3,43,4.8,12.4,39,0.1,1,10.5,0.6,1.2,47.8,4.9,12.8,38.1,22,9,13,682,21.2,20.8,21.5,30.8,26.4,30,28.5,15.1,11.1,12,14.9,19.1,27.9,16.2,8.2,20.3,28,23.2,103.4,100.2,3.2,12.7,1.26,14.1,2.7,7.3,5,11.2,52.6,57.8,95.93,79.94,9.8,31,24,8.1,18.5,43.8,3.2,7.9,41.1,4.6,5.1,88.6,1.3,3.4,4.7,3.9,3.1,2.9,0.4,4.3,42.3,0,0,2.6,50.2,57.4,42.6,40.5,25.2,40.5,3.7,19,17.8,15.3,53,47,84.1,15.9,65.5,34.5
ARIKE OGUNBOWALE,DAL,23,1.8,2.4,75.5,2,5,40.5,1.8,5.1,35.4,0,0.1,0,0,0.1,0,2.2,6.3,34.8,9.5,13.7,69.5,7.8,17.1,45.6,4.6,12.1,38.2,0.6,1.4,43.3,0.3,0.8,33.3,3.9,11.4,34.4,22,8,14,748,29.9,30.8,31.9,28.7,28.3,37,35,6.1,11.5,10.1,25.6,19.9,22.5,0,27.4,14.4,30.2,31.7,104.8,106.6,-1.8,19.3,1.67,12.7,1.3,7.3,4.1,7.6,46.9,52.7,96.61,80.5,11.8,34,33.3,11.5,27.9,41.2,3.2,9.5,33.6,7.1,8.3,85.6,0.7,3.4,4.1,5,3,2.3,0,3.5,49.4,0,0,-1.7,49.7,66,34,49.9,16,28.7,9,21.4,20.4,33.9,25.6,74.4,68.8,31.3,37.6,62.4
ASTOU NDOUR,DAL,26,0.8,0.8,100,0.2,0.6,37.5,0.2,1.2,13.3,0.1,0.1,100,0,0,0,0.4,1.8,20.8,3.9,5.2,75.8,3.2,5.7,56.8,1.5,4.2,37,0.1,0.6,20,0,0.4,0,1.4,3.5,39.1,13,4,9,151,17.8,19.2,20.9,22.2,25,0,0,34.2,30.9,31.9,10.5,12,11.1,42.9,33.3,35.4,5.2,17.2,87.3,114.2,-27,7.1,1,8.7,7.5,21,13,8.7,40.4,40.4,96.76,80.64,3.6,11.6,15,6.5,18.6,35.1,2,8.2,24,0,0,0,4.2,8.2,12.4,2,2,1,2,9.5,39.7,0,0,-25.5,49.3,56.1,43.9,60.9,8.7,39.1,8.7,0,15.2,52.2,64.3,35.7,100,0,75,25
AZURÁ STEVENS,CHI,24,1.9,2.3,83.3,0.8,2,42.3,0.6,1.8,34.8,0.3,0.3,100,0.1,0.2,50,0.8,2.6,32.4,8.3,11.8,70.6,4.5,12.8,35.5,4.2,10.6,39.1,0.1,0.6,14.3,0.5,0.9,55.6,3.5,9.9,35.7,13,9,4,355,17.6,19.2,19,20.5,19.9,19.1,17.7,26.5,25.9,26,10.1,14.6,15.8,54.5,18.5,21.1,15.9,19.3,105,99.9,5.1,8.1,1,12,5.5,16.8,11.4,12,56.4,59.1,100.17,83.48,11.3,27.3,20.3,8,16,50,2,5.3,38.5,2.3,2.7,85,2.4,8,10.4,2.7,2.7,1.6,3.2,5.3,48.8,2,0,4.6,48,66.9,33.1,58.7,10.7,30,2.7,11.3,15.3,48,75,25,100,0,81.4,18.6
BEATRICE MOMPREMIER,CON,24,0.6,1,55,0.2,0.7,33.3,0.2,0.7,33.3,0,0,0,0,0,0,0,0,0,2.1,3.5,60,1.6,3.7,43.6,1.5,4,37.5,0,0.5,0,0.3,0.5,60,1.4,3.5,39.1,21,10,11,187,15.3,15.5,14.5,0,0,10.7,17,52.5,32.8,39.5,3.7,20.6,14.3,54.2,40,29.2,17.5,13,97.6,101.3,-3.7,2.8,0.21,4.2,15.2,22.1,18.3,19.4,42.6,43.7,97.54,81.28,6.5,8.9,12.7,5.3,12.4,42.6,0,0,0,2.1,4.8,44.4,8.5,10.1,18.5,0.8,3.7,1.3,3.4,7.4,46.7,0,0,-4.5,49.4,100,0,83.3,16.7,0,8.3,16.7,12.5,66.7,65,35,0,0,65,35
BELLA ALARIE,DAL,22,0.6,1,61.9,0.4,1.2,29.6,0.1,0.2,40,0,0,0,0,0,0,0,0.6,7.7,4.1,5.7,72,2.9,7.1,40.8,1.8,5.2,33.9,0.6,0.9,61.5,0.2,0.6,28.6,1.8,5.2,35.1,22,8,14,309,11.3,10.8,12,1.4,6,8.3,8.2,30.7,22.5,24.9,9.6,12.5,20.9,65.5,19,25.4,9.6,9.3,102.1,107.1,-5,5.6,1.1,11.8,6.8,13.2,9.9,10.8,37.1,41.4,96.69,80.57,5.3,14,9.5,3.8,10.6,36.4,0.2,2.1,7.7,1.6,1.9,83.3,3.7,6.4,10.1,1.8,1.6,2.2,3,5.6,38.5,0,0,-4.3,49.5,80.3,19.7,78,6.8,5.1,6.8,16.9,16.9,71.2,73.9,26.1,100,0,75,25
BETNIJAH LANEY,ATL,27,2.2,2.8,77.4,1.6,3.4,46.7,1.4,3.9,34.9,0.1,0.4,12.5,0.1,0.1,50,1.3,2.9,44.4,8.1,11.8,68.8,7.4,15.9,46.7,5.5,13.6,40.8,0.6,1.3,48,0.7,1.8,39.4,4.2,14.5,28.8,22,7,15,733,23,24.6,22.9,30.3,26.1,27.4,25.4,15.7,17.5,17.1,27.8,24.9,28.5,3.2,14.1,16.7,23.4,25.4,99.3,105.1,-5.8,19.8,1.32,18.2,3.2,11.3,7.2,13.8,53.2,57.3,98.32,81.93,12.3,33.3,25.2,9.5,19.8,48.1,2,4.9,40.5,4.1,5,82.7,1.6,5.5,7.1,5.8,4.4,2.3,0.1,3.7,45.5,4,0,-6.1,48.9,75.1,24.9,59.8,15.9,23.8,9.3,16.4,23,43.9,41.6,58.4,80,20,49.7,50.3
BLAKE DIETRICK,ATL,27,0.5,0.8,61.1,0.4,0.8,52.9,0.1,0.5,27.3,0.1,0.1,50,0,0,0,1.1,2.5,44.6,4.9,7.8,62.6,4.1,9.6,42.7,3.2,8.1,39.1,0.5,0.9,57.1,0.6,1.2,50,3.2,9.7,33.3,22,7,15,463,13.6,13.6,12.8,37.7,27.1,4.2,4.7,7.5,9.3,8.8,35.7,22,23.1,7.1,7.9,20.2,5.7,14.2,96,102.9,-6.9,24,1.88,33.6,1.7,5.9,3.8,17.9,59.6,60,98.71,82.26,7.6,21.1,13.6,5.2,11,47.1,2.7,6.1,44.8,0.5,0.8,62.5,0.8,3,3.8,7.9,4.2,1.9,0.3,4.4,32.5,0,0,-8.1,48.9,44.2,55.8,35.7,4.7,60.5,10.1,3.9,29.5,31,21.7,78.3,84.6,15.4,55.1,44.9
BREANNA STEWART,SEA,26,2.2,3,74.6,1.6,3.6,43.7,1.2,3.5,32.9,0,0,0,0,0,0,1.8,4.8,36.8,7.6,11.2,68.2,4.7,13,35.8,4.4,12.4,35.5,0.5,1.6,32.3,0.7,1.5,46.2,4.2,13.2,31.9,20,17,3,607,28.1,26.7,28.4,26.1,27.4,38,35.1,16.8,35,31,20.4,23.7,19.3,39.4,27.5,19.5,31.1,28.6,110.5,93.3,17.3,19.7,1.44,15.5,3.6,23.2,13.9,10.8,51,57.8,99.08,82.56,17.8,30.4,31.6,10.7,23.7,45.1,2.8,7.6,36.8,7.5,8.3,89.4,1.6,11.6,13.2,5.8,4,2.6,2.1,3.6,66.4,5,0,16.2,48.7,67.8,32.2,49.7,11.7,26.6,5.8,23.6,16.2,38.1,75.5,24.5,94.3,5.7,80.5,19.5
BRIA HARTLEY,PHO,28,1.2,1.8,65.2,1.2,2.4,51.6,0.8,2.9,26.3,0,0,0,0,0,0,1.9,4.9,39.1,5.6,8.2,68.2,4.6,11.4,40.5,3.9,11,35.7,0.3,1.2,27.3,0.2,0.8,27.3,4.2,10.7,39.6,13,7,6,322,26.8,26.8,29.3,35.2,34,24.1,23.2,7.7,15.2,13.5,33,22.7,30,0,27.3,20.8,21.6,27.1,105.3,104,1.2,32.2,2.15,22.5,1.6,10,6,10.5,50,54.3,99.64,83.04,12.3,24.8,28.6,9.9,23.6,42,3.8,9.8,38.5,5,6.2,80.5,0.8,5,5.7,8.7,4.1,2.3,0,5,51.2,0,0,0.3,48.4,58.6,41.4,43.2,10.5,39.5,6.3,17.4,17.4,32.6,36.6,63.4,76,24,51.5,48.5
BRIA HOLMES,CON,26,0.6,1.2,50,0.6,1.8,33.3,0.2,0.7,23.1,0,0,0,0,0,0,0.6,1.7,33.3,4.8,6.6,72.3,3.6,7.4,48.1,2.2,6.1,36.7,0.3,0.6,50,0.3,0.9,36.4,2.1,5.9,35.8,18,8,10,291,17.3,17.8,19.1,20,20,6.8,7.5,14.3,11.8,12.6,16.3,18.8,20.3,21.7,18.2,12.4,6.8,15.7,95.1,107.1,-12,12.3,1.11,14.2,3.8,7.7,5.5,12.8,40.8,42.6,97.65,81.37,5,16.2,14.9,5.9,16.6,35.7,1.7,5.1,33.3,1.4,2,66.7,2.2,3.4,5.6,3.4,3.1,2.2,0.8,2.9,32.8,0,0,-12.7,49.3,69.4,30.6,56.8,6.8,34.1,13.6,9.1,17,50,52,48,90,10,62.9,37.1
BRIANN JANUARY,CON,34,0.1,0.4,20,0,0.7,0,0.8,2.4,32.3,0,0,0,0,0,0,0.8,2.3,36.7,4.9,7.4,66.7,3.8,8.6,43.8,3.8,9.8,38.6,0.3,1.7,20,0,0.4,0,2.1,8.9,23.3,13,8,5,303,14,9.3,14.3,23.9,21.7,9.8,9.4,5.9,6.2,6.1,27,16,11.4,9.5,4.2,18,21.6,10.5,103.3,90.1,13.2,20.6,2.93,31.4,1.3,4.3,2.7,10.7,36.7,40.5,94.91,79.09,4,23.3,10.8,3.7,12.5,29.3,1.8,5,36.7,1.7,2,83.3,0.7,2,2.7,7.3,2.5,1.3,0.3,4.2,27.5,0,0,13.5,50.5,60,40,33.8,30.8,50.8,4.6,15.4,10.8,3.1,36.4,63.6,90.9,9.1,63.6,36.4
BRIANNA TURNER,PHO,24,1.9,3,62.7,1,1.6,58.3,0.1,0.5,30,0,0,0,0,0,0,0,0,0,7.7,12,63.8,4.5,12.9,35.3,4,11.2,35.4,0.3,0.7,42.9,0.4,1.4,30.8,3.8,11.5,33.2,22,13,9,613,11.6,14.5,11.1,0,0.3,9.7,12.6,47.5,34,37,12.8,14.4,22.9,46.7,24.5,21,14.2,12.1,104.4,101.6,2.8,10,1.26,19.3,9.5,21.3,15.7,15.3,57.9,60,98.82,82.35,12.3,27.9,12.6,5.2,9,57.9,0,0.1,0,2.1,3.3,64.3,4.5,11.2,15.7,3.1,2.5,1.9,3.4,5.2,49.6,4,0,2.3,48.7,99.1,0.9,83,3.8,0,10.7,17,25.2,79.2,87.9,12.1,0,0,87.9,12.1
BRIDGET CARLETON,MIN,23,0.5,0.7,73.3,0.5,1.1,48,0.4,0.8,56.3,0.2,0.3,60,0,0.1,0,0.8,1.8,45,6.8,9.3,72.7,3.9,9.3,42.2,3.7,10.3,35.6,0.7,1.9,38.9,0.8,1.7,44.4,3.9,10.5,37.1,22,14,8,568,10.8,11.5,10.4,15.6,13.9,9.8,12,14.8,16.8,16.1,17.9,13.2,12.4,0,13.2,16.9,14.2,11.7,109.6,103.4,6.1,13.3,2,27.7,4,10.8,7.3,13.8,62.3,63.4,95.74,79.79,7.6,25.8,12.8,4.7,9,52,1.9,4.1,45.7,1.6,2.5,64.3,1.9,5,6.9,4.8,2.4,1.3,0,3.5,29.9,0,0,5.6,50.3,54.9,45.1,44.1,12.4,43.4,2.1,12.4,15.9,31.7,46.9,53.1,100,0,67.9,32.1
BRIONNA JONES,CON,25,3.2,4.6,69.8,1,1.6,63.6,0.4,1.5,28.1,0,0,0,0,0,0,0,0,100,7,10,69.9,3.9,9.5,41.2,3.9,10.7,36.2,0.4,1.5,23.5,0.4,1.1,31.6,3.5,10.9,32.5,21,9,12,549,17.1,23.2,17.1,1.6,0.5,17.4,19.7,42.8,16.4,23.7,8.4,17.8,27.6,35.9,23.4,27.4,18.4,20.9,102.6,96.2,6.4,6.5,0.62,8.8,10.7,11.4,11,14.2,60.8,63.1,96.36,80.3,11.8,26.1,21.4,8.9,14.8,60.5,0.1,0.1,100,3.5,5,69.1,5.4,5.4,10.7,1.9,3.1,3.2,1.3,5.9,47.5,2,0,5.7,50,99.4,0.6,82.6,7.7,1.3,1.7,16.2,11.9,74.9,69.1,30.9,100,0,69.4,30.6
BRITTANY BREWER,ATL,23,0.3,0.3,100,0,0,0,0.3,0.5,50,0,0,0,0,0,0,0,0,0,2.3,3.7,63.6,0.6,3.6,16.7,1.5,2.5,60,0,0,0,0,0,0,2.5,4.3,58.8,5,1,4,33,6.6,8.3,5.5,0,0,0,0,14.3,20,18.5,0,13.3,42.9,100,0,44.4,10,6.6,89.7,106.1,-16.4,0,0,0,2.9,12.5,7.5,40,66.7,66.7,98.24,81.87,5.8,6.5,5.9,2.9,4.4,66.7,0,0,0,0,0,0,1.5,5.9,7.4,0,2.9,4.4,5.9,5.9,42.6,0,0,-13.2,48.1,100,0,100,50,0,0,0,0,50,50,50,0,0,50,50
BRITTNEY GRINER,PHO,30,2.4,3.7,65.9,3.4,7.7,44.6,1.4,3.2,44.7,0,0,0,0,0,0,0,0,0,7.5,9.8,76.9,6.1,15.1,40.3,5.2,15.3,33.9,0.3,0.8,30,0.6,1.2,50,4.3,13.1,32.5,12,6,6,382,25.4,29,27.3,0,0.5,24.1,24.1,27.7,28.6,28.4,17.1,20.3,6,50,20.7,15.3,26.5,25.6,104.5,100.9,3.7,16.9,1.2,13.9,5,18.5,12,11.6,49.7,54.2,99.88,83.24,14.5,31.8,26.7,11,22.1,49.7,0,0.1,0,4.8,5.9,80.9,2.3,9.1,11.3,4.5,3.8,0.5,2.8,3.8,53.2,1,0,3.4,48.1,99.4,0.6,82.1,16,0,0.9,17.9,17,66,82.8,17.2,0,0,82.8,17.2
BRITTNEY SYKES,LAS,26,1.2,1.9,66.7,0.8,1.5,54.8,0.7,1.5,45.2,0.2,0.4,50,0.1,0.2,33.3,0.6,1.9,30,5.9,8.4,70.5,3.6,9.8,36.6,4,10.8,37.4,0.4,1,35.3,0.3,0.8,31.3,3.8,9.9,38,21,14,7,512,18.7,17.6,18,15.7,21.1,28.7,28.3,20,11.8,13.4,17.4,18.6,29.2,14.6,22.2,26.2,30.4,19.2,105.6,96.8,8.9,13.2,1.25,17.3,3.6,7.7,5.8,13.8,54,59.8,98.29,81.91,8.6,24.4,20.3,7,14.4,48.7,1.5,4.7,32.7,4.8,5.9,80.6,1.5,3.6,5.2,4.3,3.4,3,0.6,5.9,40.1,0,0,8.2,49,67.3,32.7,53.8,13.2,22.6,10.4,23.6,23.6,40.6,52.6,47.4,87.5,12.5,60.3,39.7
CANDACE PARKER,LAS,34,2.9,3.9,74.4,1.4,3.4,41.9,0.5,1.6,28.6,0.1,0.2,66.7,0,0,0,0.8,2,38.6,7.1,9.5,75,4.8,12.1,39.7,4.9,13.4,36.6,0.6,1.4,44.4,0.4,1.3,33.3,4.3,11.8,36.3,22,15,7,660,23,23.4,21.9,16.8,16.3,26.4,28.9,33,40.9,39.3,29.8,26.9,18.8,55.1,15,17.3,24.7,23.3,103.7,96.3,7.4,24.9,1.58,22.8,6.1,28.1,17.3,14.4,54.9,58.4,97.27,81.06,18.1,30,24.2,9.3,18.1,51,1.4,3.6,39.6,4.3,5.8,73.1,2.8,13.2,16,7.5,4.8,1.9,2,3.8,61.8,10,0,7.7,49.3,80.2,19.8,64.8,6.2,17.6,6.5,17.6,20.1,58.6,56.2,43.8,78.9,21.1,59.7,40.3
CANDICE DUPREE,IND,36,1.2,1.7,71.1,1.5,3.1,49.3,2.4,5.7,41.3,0,0,0,0,0,0,0.1,0.8,16.7,10,14.7,68.1,6.5,13.8,47.2,4.6,12,38.3,0.7,1.6,44.4,0.3,0.8,33.3,3.8,10.2,37.3,22,6,16,665,19.8,23.2,22.8,2.6,5.5,16.7,16.2,19.6,24.9,23.5,16.7,11.2,19.3,19.1,13.8,9.5,15.9,20.3,102.6,114.7,-12,14.4,1.96,15.5,4.3,15.9,10.1,7.9,46.8,50.7,95.59,79.66,10.9,30.2,20.9,8.8,19,46.2,0.2,1.4,16.7,3.1,3.6,85.4,2,7.4,9.4,4.2,2.1,1.2,0.7,2,42,0,0,-12.1,50.2,92.8,7.2,81.9,37.7,3.3,0,14.9,16.3,44.2,72.6,27.4,100,0,73.3,26.7
CAROLYN SWORDS,LVA,31,0.7,1,68.2,0.3,0.8,35.3,0.1,0.5,18.2,0,0,0,0,0,0,0,0,0,4.5,6.4,71.4,2.8,6.8,40.7,3.4,8.2,41.7,0.3,1.1,23.5,0.3,1.1,27.3,2.7,8.3,33,22,18,4,384,8.4,7.2,7.2,0,0,10,10.7,37.1,24,27.1,9.9,15.1,7.8,10,13.5,16.2,8,7.4,103.3,94,9.2,6.7,1.11,20.2,8.4,17.8,13.1,18.2,46,52.8,103.21,86.01,7.3,17.4,7.6,2.8,6,46,0,0,0,2,2.7,77.3,4,8.3,12.3,2.4,2.2,0.6,0.2,2.5,26.3,0,0,10.2,46.3,100,0,73,6.3,0,3.2,27,12.7,66.7,65.2,34.8,0,0,65.2,34.8
CHELSEA GRAY,LAS,28,1.2,1.8,65,1.5,3.2,48.6,2,4.9,41.1,0,0,0,0.1,0.1,100,0.8,2.6,29.3,7.3,9.9,73.7,4.8,12.3,39.3,4.7,12.8,36.7,0.6,1.4,41.4,0.5,1.2,39.1,5,12.8,39.4,22,15,7,674,23.3,22.3,24.1,15,19.9,21.2,17.8,12.7,15.7,15.1,34,26,24.6,4.1,16.3,13.5,15.6,21.5,105.2,98.8,6.4,27.3,1.93,24.7,2.4,10.5,6.5,12.8,47.5,51.8,96.52,80.43,11.9,30.6,22.6,9,20.3,44.2,1.3,4.3,30.5,3.4,3.6,93.9,1.1,4.9,6,8.5,4.4,2.5,0.1,2.8,46.1,0,0,7.2,49.5,78.6,21.4,67.5,28.6,17.5,3.2,14.9,21.4,39,26.9,73.1,72.2,27.8,33.6,66.4
CHENNEDY CARTER,ATL,22,2.3,3.2,70.6,2,4.6,43.2,1.6,4.2,38.8,0,0.1,0,0.1,0.1,100,0.7,1.9,36.7,6.3,8.4,74.1,5.9,13.9,42.6,4.6,10.8,42.2,0.4,1.1,35.7,0.5,1.7,29.4,3.4,10.7,32.2,16,6,10,406,30.9,33.8,31.1,22.6,21.8,35.7,37,9.8,9.9,9.9,38.7,31.2,20.9,13.2,38.1,27.9,36.7,33.4,98.1,107.1,-9,26.4,1.28,15.7,1.9,6.7,4.3,12.3,50,55,101.06,84.22,10.8,25.4,32.8,12.5,26.3,47.3,1.4,3.8,37.5,6.5,7.9,82.1,0.9,3.3,4.2,6.5,5.1,1.6,0.6,6.7,49.2,0,0,-9.9,47.7,85.7,14.3,67.4,18.6,12.9,10.8,19.7,16.8,48.7,18.1,81.9,33.3,66.7,19.8,80.2
CHEYENNE PARKER,CHI,28,2.4,3.4,69.1,1.4,2.9,47.4,0.4,0.9,44.4,0,0.1,0,0,0,0,0.8,1.6,48.4,7,11,63.6,3.9,11,35.5,4.8,10.4,46.2,0.5,1.2,40,0.4,0.7,54.5,3.5,9.4,36.7,20,10,10,497,22.4,23.8,20.7,17.2,12.4,33.1,32.9,46.1,25.1,30.1,11.4,28.2,26.3,40,42.2,31.5,32.7,24.8,104.7,99.4,5.3,9.6,0.55,10.3,10.3,16.4,13.5,19,59.7,65.3,100.15,83.46,12.8,24.9,26,9.4,17,55.4,1.5,3.1,46.9,5.7,6.7,85.5,4.6,7.8,12.4,2.9,5.3,2.5,1.7,6.1,52.7,3,0,4.2,48.2,81.7,18.3,61.2,6,16.8,1.5,22,18.3,55.2,72,28,93.3,6.7,75.3,24.7
CIERRA BURDICK,LVA,27,0.2,0.2,100,0,0,0,0.1,0.8,16.7,0,0,0,0,0,0,0,0,0,1.2,1.2,100,0.4,0.8,50,0.3,0.9,28.6,0.5,0.5,100,0,0,0,0.4,1.8,25,13,12,1,28,12.3,11.8,17.5,0,0,0,0,50,21.1,23.8,33.3,7.1,0,0,0,14.3,33.3,10,66.7,100,-33.3,13.3,2,20,4.2,16,10.2,10,28.6,28.6,101.76,84.8,3.3,2.2,6.7,3.3,11.7,28.6,0,0,0,0,0,0,1.7,6.7,8.3,3.3,1.7,0,0,3.3,20,0,0,-31.7,46.8,100,0,100,50,0,0,0,0,50,100,0,0,0,100,0
COURTNEY VANDERSLOOT,CHI,31,2.1,2.8,74.2,0.5,2.2,25,0.9,1.5,59.4,0,0.1,50,0.1,0.1,100,1.3,3.2,39.4,9.3,14.6,63.6,5.5,14.6,38,5.3,12.5,42.5,0.5,1.1,43.5,0.3,0.8,37.5,4.2,11.4,36.8,22,12,10,693,18.7,17.5,18,20,19.2,25.2,23.3,8.6,14.6,13.3,54.5,21.2,19.1,10.4,12.1,15.3,24.4,18.8,110.6,101.3,9.3,43.7,4.07,42.3,1.8,9.6,5.9,10.4,56,61,99.7,83.08,15.1,31.5,20.8,7.4,15.1,49.1,2.1,5.3,39.5,3.9,4.4,88.9,0.8,4.6,5.3,15.3,3.7,1.8,0.6,3.2,53.5,9,0,9.6,48.1,65.1,34.9,51.3,12.7,30,6.3,18.7,14,38.7,20.8,79.2,80,20,37.4,62.6
COURTNEY WILLIAMS,ATL,26,0.7,1.2,60.9,1.7,3.7,45.2,4,8.9,44.6,0,0.2,0,0,0,0,0.4,1.6,25.8,7.1,10.4,68.6,6.4,13.2,48.7,5.7,12.4,45.6,0.6,1.3,45.8,0.7,1.7,41.4,4.1,13,31.7,20,6,14,609,25.9,27.6,27.8,9.2,14,9.5,10.2,24.2,27.7,26.7,24,26.6,12.5,4,18.9,15,10.7,23.8,99,108,-9.1,17.9,1.17,14.5,5.7,18.7,11.8,12.5,45,46,97.38,81.15,10.2,30.5,23.6,10.8,24.8,43.6,0.6,2.7,23.5,1.3,1.9,69.6,3,8.6,11.5,5.1,4.4,1,0.2,3.1,44.3,4,0,-8.6,49.2,88.9,11.1,86.3,54.1,8.2,11,5.5,21.6,32.2,42.1,57.9,75,25,44,56
CRYSTAL DANGERFIELD,MIN,22,1.6,2.5,64.2,1.6,2.9,55.7,1,2.2,46.8,0,0.1,0,0.1,0.1,50,1.6,4.7,33.7,7.8,10.5,73.8,5,11.6,43,4.2,11.6,36.1,0.7,1.6,43.8,0.5,1.5,36,4.6,13.7,33.4,21,13,8,629,23.9,25.5,24.9,25.8,28.8,25.4,22.9,3.5,9.1,7.6,23.9,22.9,13.3,2,13,12.3,20,25.5,105.7,101.2,4.5,20.7,1.42,17.9,0.8,6,3.4,12.6,53.6,58.6,96.24,80.2,11.1,30,27,9.8,20.8,47.1,2.7,8.1,33.3,4.7,5.1,92.2,0.4,2.8,3.2,5.9,4.2,1.4,0.1,2.5,40.1,0,0,4.9,49.8,61.2,38.8,52.8,12.9,29.9,7.9,17.3,19.4,39.9,30,70,79.4,20.6,43.5,56.5
CRYSTAL LANGHORNE,SEA,34,0.2,0.2,100,0.2,0.5,33.3,0.1,0.2,33.3,0,0,0,0,0,0,0.1,0.4,20,1.4,2.1,66.7,0.9,2.5,37.5,1.6,4.4,36.8,0.8,1.4,57.1,0.1,0.4,25,1.2,5.1,22.7,13,11,2,107,12.7,9.5,10.2,3.7,7.5,8.3,13.3,27.3,33.8,32.9,10.9,25.6,5,14.3,16.7,12.7,19.4,8.5,96.3,100.9,-4.5,9,0.55,16.7,3.1,19.8,12.6,30.6,44.1,45.8,99.27,82.72,5.8,8.2,8.2,3.2,7.8,41.2,0.5,2.3,20,1.4,2.7,50,1.4,11.4,12.8,2.7,5,0.5,0.5,3.2,25.4,0,0,-6.4,48.8,70.6,29.4,66.7,11.1,16.7,0,16.7,33.3,55.6,66.7,33.3,0,100,57.1,42.9
DAMIRIS DANTAS,MIN,28,1.4,1.9,73.2,1,2.5,38.2,0.5,1.5,35.3,0.1,0.1,50,0,0,0,1.7,4,43.2,6.1,8.1,75.8,4.6,10.2,45.1,4.1,10.9,38.1,0.8,1.6,46.9,0.5,1.5,31.8,4.1,11.5,35.6,22,14,8,586,21.2,22.6,22,31.2,28.1,19.5,21.8,24.7,26.9,26.2,18.8,19.4,18.8,13.9,20.3,24.2,23.2,23,106.4,101,5.4,16.6,1.45,17,6.5,18.5,12.2,11.7,55.2,57.9,95.47,79.56,12.3,26.6,24.4,8.8,19,46.4,3.4,7.8,43.3,3.5,4.7,72.7,3.2,8.4,11.6,5,3.5,2.2,0.4,4.8,50.2,1,0,4.1,50.6,59.1,40.9,44.5,8.5,41.3,1.8,14.1,18,36,81,19,100,0,88.2,11.8
DANIELLE ROBINSON,LVA,31,1.2,1.6,72.2,0.8,1.9,42.9,0.6,1.4,43.3,0,0.1,0,0,0,0,0.2,0.5,45.5,5.8,8.4,69,3.4,8.6,39.7,3.8,9.7,38.8,0.6,1.7,34.6,0.3,1.1,26.7,3.2,10.5,30.3,22,18,4,492,14.7,15.5,14.6,9.6,9,14.5,14.5,5.6,13.5,11.9,28,18.7,17.9,5.3,10.8,20.3,18.3,15,105.7,94,11.7,21.2,2.57,29.9,1.1,9.3,5.5,11.6,53.3,58.4,100.06,83.38,10,22.4,15.8,6,11.7,51.2,0.5,1.3,38.5,3.3,4.1,81,0.5,4.7,5.1,7,2.7,1.8,0.2,3.7,35.9,0,0,12.4,47.8,89.3,10.7,69.9,16,9.2,8.6,20.9,23.3,54,47.4,52.6,100,0,51.6,48.4
DEARICA HAMBY,LVA,27,3,4.2,72,1,2.5,41.1,0.1,0.8,11.8,0.1,0.2,66.7,0,0,0,0.7,1.5,47.1,7.4,10.5,69.8,4.1,11,37.4,4.5,12.2,36.8,0.5,1.6,32.1,0.3,1.2,23.8,4.5,13.8,32.7,22,18,4,622,19.5,22,19.7,29,20.9,16.2,18.1,24.8,28.6,27.8,18.9,22.8,28.9,8.2,31.3,19.5,18,21,106.3,96.3,10.1,15.3,1.33,17.8,5,19.5,12.8,13.3,58.3,61.2,98.77,82.31,15,28.3,22.3,8.6,15.9,53.9,1.4,3,47.4,3.8,5.2,71.6,2.2,10.1,12.3,4.7,3.5,2.9,0.3,3.9,50.2,4,0,10.1,48.6,81.4,18.6,64.3,1.4,18.9,14.7,16.8,25.5,62.9,67.4,32.6,100,0,72.7,27.3
DEWANNA BONNER,CON,33,2.5,3.8,66.3,1.6,3.7,44.4,1.4,3.6,37.5,0.1,0.2,33.3,0,0.1,0,1.2,4.6,25.5,8.6,12.6,68.3,5.7,13.6,41.7,4.4,12.4,35.7,0.3,1.5,20.8,0.4,1.1,33.3,4.4,13.5,32.3,22,10,12,732,26.8,26.7,27.9,27,32.5,40.4,34.4,19.3,29.2,26.5,18.9,20.4,21.6,21.8,18.5,14.4,32.3,29.2,101.5,96.7,4.8,16,1.25,12.5,4.6,19.9,12,10,46,53.5,96.24,80.2,16.6,33.3,29.7,10.1,24,42.2,1.8,7.3,25.2,7.6,8.5,89.5,2.3,9.4,11.8,4.4,3.6,2.5,0.8,3.2,56.9,5,0,4.2,50,69.5,30.5,55.8,13.8,18.7,8.1,25.6,26.5,41.9,40.5,59.5,66.7,33.3,45.3,54.7
DIAMOND DESHIELDS,CHI,25,1.2,1.5,75,0.7,1.8,39.1,0.7,1.7,40.9,0.1,0.2,50,0,0.3,0,0.2,1.1,14.3,4.1,6.5,63.1,3.2,8.6,37.5,3.2,7.5,42.3,0.2,0.7,25,0.5,0.8,60,2.2,6.7,33.3,13,9,4,224,22.6,19.9,22.4,7.9,15.9,26.4,25.4,8.3,13.1,12.2,16.4,28.3,26.7,5,35.7,25.5,20.9,19.6,93.6,95.4,-1.8,13.8,0.67,14.3,1.5,8.6,5.3,21.4,45.2,48.9,103.21,86.01,4.8,17.2,18.4,7.4,17.1,43.4,0.6,3.7,16.7,2.9,3.7,77.8,0.6,4.1,4.8,4.1,6.2,2.5,0.2,5.6,32.1,0,0,-1,46.3,78.3,21.7,74.2,20.2,10.1,21.3,15.7,34.8,53.9,63.6,36.4,100,0,66.7,33.3
DIANA TAURASI,PHO,38,0.4,0.6,72.7,0.4,1,36.8,1.1,2,52.6,0,0.1,0,0,0.1,0,3.2,8.7,37,7.9,12.1,65.5,4.5,13.3,33.6,3.9,10.5,37.2,0.4,1.3,30,0.4,1,37.5,4.3,11.8,36.4,19,11,8,533,26.7,23.6,26.4,50.4,49.9,46,42.2,2.2,21.9,17.8,30.8,22.3,25,9.6,7.1,18.5,38,30.8,104.2,102.4,1.8,27.7,1.95,20.8,0.4,13.7,7.4,10.7,53.8,62.5,100.23,83.53,16.4,28.1,32.1,8.6,21.2,40.9,5.5,15,36.5,9.3,10.2,91.2,0.2,6.9,7.1,7.7,4,1.7,0.7,4.7,55.6,2,0,1.3,48,28.9,71.1,19.7,11.2,51.4,12.6,28.9,16,8.4,48.6,51.4,63.9,36.1,58.3,41.7
ELIZABETH WILLIAMS,ATL,27,2.8,4.6,60.4,1.2,3,38.8,0,0.5,0,0,0,0,0,0,0,0,0,0,7.1,10.2,69.3,6.1,13.5,45.3,4.9,11.8,41.7,0.6,1.3,48,0.6,1.6,39.3,4,12.8,31,22,7,15,642,15.3,17,15.3,0,0,24.1,26.4,33.8,18.1,22.2,11.2,10.8,15.7,56.6,31.3,19.1,24.4,16.9,99.5,106.6,-7,7.3,1.24,11.7,7.3,12,9.5,9.5,48.9,53.9,98.93,82.44,8.8,29.2,16.9,6.6,13.5,48.9,0,0,0,3.7,5,74.2,3.7,5.7,9.4,2.3,1.9,1.3,2.3,4.3,40.5,3,0,-7.2,48.6,100,0,78,0,0,5.4,22,13.5,78,72.4,27.6,0,0,72.4,27.6
EMMA CANNON,LVA,31,0,0,0,0,0,0,0,0,0,0,0,0,0,0,0,0,0,0,0,0,0,0,0,0,0,0,0,0,0,0,0,0,0,0,0,0,1,1,0,0,0,0,0,0,0,0,0,0,0,0,0,0,0,0,0,0,0,0,0,0,0,0,0,0,0,0,0,0,0,0,176.33,146.94,0,0.4,0,0,0,0,0,0,0,0,0,0,0,0,0,0,0,0,0,0,0,0,0,0,20.4,0,0,0,0,0,0,0,0,0,0,0,0,0,0,0
EMMA MEESSEMAN,WAS,27,1.2,1.9,60.5,2.1,4.2,50,1.6,3.7,42.5,0,0.1,0,0,0,0,0.7,2.2,30.2,7,10,69.8,6.4,13.7,46.7,5,12.8,39.1,0.1,1.1,10.5,0.5,1,45,5.1,13.3,38,20,9,11,634,21,22.9,22.1,10.2,11.7,14.9,15.2,29.2,18.8,21.2,27.7,19.2,20.7,50,11.1,13.9,16.9,20.4,101.2,102.2,-1,24.5,2.25,23.3,5.3,12.4,8.7,10.4,48.1,50.9,95.14,79.28,12.1,31.7,20.7,8.7,19.1,45.4,1,3.6,28.9,2.3,2.8,82.9,2.6,5.8,8.4,7.1,3.2,1.9,1.3,2.8,47.8,3,0,-0.8,50.4,81.3,18.8,73.8,23.8,15,9.2,11.2,16.2,50,77.1,22.9,100,0,79.8,20.2
EPIPHANNY PRINCE,SEA,33,0,0.1,0,0.4,1.1,37.5,0.5,0.8,58.3,0,0,0,0,0,0,0.6,1.8,33.3,3,4.5,67.2,1.4,4.1,34.4,2.1,5.2,39.7,0.3,1.1,22.2,0.1,0.5,16.7,1.5,5.9,25,15,11,4,190,17.7,15.4,18.7,31,30.3,15.9,15.5,4,13.9,12.2,23.3,17.9,14.6,14.3,18.2,21.4,16.2,16.7,100.3,94.7,5.6,17.4,1.75,22.1,0.6,8.8,4.9,12.6,46.5,51,98.46,82.05,6.3,12.7,16.7,5.7,14.9,38.6,2.3,7,33.3,2.9,3.4,84.6,0.3,4.4,4.7,5.5,3.1,1.6,0.5,5.7,33.7,0,0,2.3,49.6,52.6,47.4,40.6,21.9,42.2,3.1,17.2,17.2,18.8,15.4,84.6,55.6,44.4,31.8,68.2
ERICA MCCALL,MIN,25,0.6,0.8,73.3,0,0.6,0,0.2,0.7,28.6,0,0,0,0,0,0,0.1,0.2,25,1.8,2.7,66.7,1.8,4.1,43.2,1.3,3.5,37.7,0.4,0.7,50,0.4,0.8,50,1.3,4.6,28.7,20,13,7,183,14.7,11.4,15,2.9,4.1,21.7,21.4,45.1,25.5,32,3.7,12,15.8,43.8,18.2,29.3,18,12.8,107.3,99.5,7.8,2.4,0.33,4.5,13.3,14.1,13.7,13.4,36.7,46.6,97.06,80.88,6.1,9.2,13.7,4.3,12.1,35.6,0.3,1.1,25,4.9,5.9,81.8,6.2,7,13.2,0.8,2.4,1.6,1.9,6.5,38.9,0,0,8.1,49.4,91.1,8.9,58.8,15.7,5.9,7.8,35.3,23.5,43.1,80,20,100,0,81.3,18.8
ESSENCE CARSON,CON,34,0.2,0.4,50,0.2,0.9,21.1,0.5,1.3,35.7,0.1,0.2,50,0,0.1,0,0.5,2,26.8,4,5.4,74.3,3,6.2,48.1,1.5,4.4,33.7,0.3,0.7,42.9,0.3,0.8,42.9,2.3,6.2,37.4,21,9,12,290,17.8,16,20.5,20.3,25.7,6.6,8.8,12.5,15.1,14.5,10.6,13.6,16.4,15.4,31.6,15.7,10.5,14.9,87.3,102.5,-15.2,7.6,0.75,9.1,2.3,10.4,6.1,12.1,36.4,37.7,99.26,82.71,2.4,13.8,13,5,16.5,30.3,2,7.3,27.3,1,1.7,60,1.2,4.7,5.8,2,2.7,1.5,0.3,3.5,25.8,0,0,-15.2,48.4,55.6,44.4,46.2,25.6,46.2,5.1,7.7,15.4,20.5,77.8,22.2,100,0,86.7,13.3
EZI MAGBEGOR,SEA,21,1.7,2.4,71.7,0.9,2,44.4,0.1,0.4,37.5,0,0,0,0,0,0,0,0.1,33.3,3.5,5,70.6,1.5,4.5,33.7,1.9,5.1,36.6,0.5,1.4,38.1,0.1,0.6,12.5,1.6,6,26.5,22,18,4,292,18.9,26.4,22.1,1.9,2.1,15.6,17.4,43.9,15.8,22.5,4.8,8.3,17.9,50,27.6,29.5,17.9,22.4,105.4,93.2,12.2,4,0.78,5.1,9.1,9.8,9.5,6.6,57.3,59.6,101.35,84.46,10.6,13.3,23.6,10.1,17.8,56.9,0.2,0.5,33.3,3.1,4.4,70.4,4.1,4.7,8.8,1.1,1.5,2,2.6,7,48.2,0,0,10.8,47.7,97.2,2.8,84.7,4.2,2.1,2.8,13.2,24.3,80.6,68.9,31.1,100,0,69.4,30.6
GABBY WILLIAMS,CHI,24,1.2,1.6,74.3,0.5,1.2,37,0.5,1.2,42.3,0.1,0.2,33.3,0,0.1,0,0.9,2.9,29.7,7,10.5,66.8,4.5,11,40.7,4.5,10.7,41.5,0.6,1.2,47.1,0.3,0.8,38.5,3.3,9.2,36.1,22,12,10,546,16.3,15.6,17.3,21.5,24.3,8.5,10.8,18.9,19.5,19.4,16.1,17.3,26.9,11.4,16.2,13.4,11.7,14.9,100.9,101.6,-0.7,12.1,1.19,17.6,4,12.8,8.5,14.8,48.7,50.3,99.5,82.92,8,24.8,15,5.9,14,42.4,1.8,6.2,28.6,1.4,2.2,64,1.8,6,7.8,3.9,3.3,2.6,0.4,2.8,36,0,0,-0.9,48.3,55.7,44.3,55.3,12.9,35.3,10.6,9.4,21.8,42.4,61.7,38.3,100,0,73.1,26.9
GLORY JOHNSON,ATL,30,0.4,0.5,77.8,0.4,0.9,47.1,0.3,0.8,33.3,0,0,0,0,0,0,0.6,2.3,26.2,3.6,5.3,68.4,3.3,7.6,43.4,2.3,5.9,39.3,0.9,1,85.7,0.4,0.9,44.4,1.8,6.4,28.4,18,5,13,272,16.6,15.3,17.8,26.2,33.1,13.8,19,11.9,36.4,29.9,10.2,12.3,28.3,33.3,12,20.8,16.4,15.9,94,102.7,-8.6,6.4,0.85,9.3,2.5,22.1,12.1,11,44,45.4,99.82,83.18,8.6,15.1,15,5.5,14.6,37.3,1.9,7.4,26.2,2.1,4.2,50,1.2,10.6,11.8,1.9,2.3,2.6,1.2,4.8,41.4,0,0,-8.5,48,49.4,50.6,47.1,11.8,38.8,4.7,14.1,20,35.3,70,30,100,0,80.6,19.4
ISABELLE HARRISON,DAL,27,0.9,1.4,66.7,1.1,2.5,43.8,0.6,1.8,34.8,0,0,0,0,0,0,0,0.2,0,4.8,7.3,66.3,4.8,10.7,45.3,2.5,6.6,38.4,1,2.3,44.4,0.3,0.6,40,2,6,33.3,13,5,8,258,16.8,17.3,17.2,0,2,17.4,17.4,37.3,25.2,28,18.2,19.8,16.1,26.3,21.4,25,21,15.6,99.6,101.9,-2.3,11,1,15.1,7.4,16.8,12,15.1,44.7,49.2,98.71,82.26,7.8,19.9,15.5,6.4,14.2,44.7,0,0.6,0,2.8,3.6,78.9,3.6,7.7,11.2,3.4,3.4,1.7,0.9,6,38.6,1,0,-1.3,48.4,96.1,3.9,81.9,19.3,0,0,18.1,16.9,62.7,58.8,41.2,0,0,58.8,41.2
JACKI GEMELOS,WAS,32,0.2,0.4,50,0.2,0.4,42.9,0.2,0.5,50,0.2,0.4,50,0,0.1,0,0.4,1.8,23.3,2.8,4.5,62.3,2.3,4.8,47.7,2.1,4.9,41.7,0.1,0.5,20,0.4,1,44.4,2,4.8,42,18,7,11,222,14.1,12.2,15.3,18,23.8,3.1,4.7,7.1,13.6,11.9,13.8,15.2,15.8,7.1,11.8,20.9,3.8,11.5,97,101.1,-4.1,10.9,1.25,17.6,1.4,8.5,4.7,14.1,42,42.4,94.67,78.89,2.7,12.4,11.1,4.3,12.7,33.9,2,8,25.7,0.5,0.9,50,0.7,3.6,4.3,3.4,2.7,1.4,0.2,4.1,23.5,0,0,-3.4,50.5,37.5,62.5,40.8,16.3,55.1,16.3,4.1,14.3,24.5,80,20,88.9,11.1,84.2,15.8
JACKIE YOUNG,LVA,23,1,1.5,68.8,1.6,3.5,46.8,1.5,3,47.8,0,0,0,0,0,0,0.1,0.6,23.1,6.4,9.4,68,3.8,10.5,36.4,4.1,11.6,35.7,0.4,1.4,28.6,0.3,1.3,26.3,4,12.4,32.7,22,18,4,568,19,20.5,19.9,5.2,7.9,20.4,19.3,16.7,18.3,18,23.9,18.9,13.2,4.4,15.2,17.2,20,19.7,104.1,93.7,10.4,18.6,1.91,21.3,3.4,12.5,8.3,11.1,50,55.8,99.02,82.52,12.2,25.8,20.5,7.9,16.1,49.2,0.3,1.1,23.1,4.4,5.2,85.2,1.5,6.6,8.1,5.7,3,1.3,0.2,3.3,40.2,0,0,10.5,48.5,93.1,6.9,74.7,26.6,3.7,10,21.6,21.2,48.1,37.8,62.2,100,0,39.8,60.2
JASMINE THOMAS,CON,31,1,1.7,57.6,0.4,1.6,26.7,1.5,3.3,45.2,0.1,0.4,33.3,0.1,0.1,100,1,3.1,32.7,6.4,9.2,70.1,4.7,10.7,43.6,3.6,9.3,38.4,0.3,1.1,25,0.3,1,30,3.6,10.9,32.5,19,9,10,485,21.5,19.6,22.1,33.3,30.7,12.8,10.5,3.7,9.7,8.1,30.8,27.1,18.9,15.6,17.9,14.5,14,19.3,102.3,95.3,7,24.4,1.65,23.8,0.8,6.5,3.6,14.4,46,49,96.9,80.75,8.8,25.5,19.8,7.8,19.2,40.4,2.1,6.4,33.3,2.1,2.3,91.3,0.4,3,3.4,7.8,4.7,2.4,0.5,3.1,39.7,0,0,7.1,49.5,66.5,33.5,56.7,28.9,32.5,10.3,10.8,21.6,27.8,36.4,63.6,95.2,4.8,52.6,47.4
JAYLYN AGNEW,ATL,23,0,0,0,0.1,0.1,100,0,0.1,0,0.5,0.5,100,0,0,0,0.2,1,16.7,1.8,3,60,0.6,2.2,26.9,1,2.1,48,0,0,0,0.3,0.5,50,1.8,3,61.1,12,4,8,71,12.8,7.5,12.2,16.7,24.1,17.4,13.2,0,12.2,8.3,10.3,17.2,0,0,0,18.4,10.3,10.2,98,115.6,-17.6,6.1,0.6,12,0,7.8,3.5,20,36.7,43.6,102.12,85.1,-0.4,6,10,2.7,10,26.7,2,8.7,23.1,2.7,3.3,80,0,3.3,3.3,2,3.3,0,0,4.7,13.7,0,0,-20.7,47.6,13.3,86.7,13.3,0,60,20,26.7,73.3,13.3,100,0,100,0,100,0
JAZMINE JONES,NYL,24,1.5,2.2,68.2,0.7,2.6,26.9,0.5,1.5,33.3,0.1,0.1,100,0,0.1,0,0.7,2,32.5,5.8,8.5,68,4.3,10.3,42,4,10.7,37.6,0.2,0.6,36.4,0.2,0.7,33.3,3.1,9.2,33.7,20,2,18,428,25.7,24.1,23.5,20,16.5,37.5,39,19.8,21.6,21.2,27.1,29.5,39.4,18.8,17.9,26.8,32.8,26.5,89.5,104.8,-15.3,20.7,0.79,14.6,3.9,13.5,8.8,18.4,44.7,52.4,102.73,85.61,9.6,21.4,23.7,7.6,18.8,40.4,1.6,4.9,33.3,6.9,8.8,78.8,2,6.9,8.9,4.9,6.3,3.1,1,6.5,47.7,0,0,-16.2,46.9,73.7,26.3,50,9.3,20.8,16.2,29.2,28.2,40.7,31.5,68.5,93.3,6.7,44.9,55.1
JEWELL LOYD,SEA,27,1.2,1.7,71.1,0.7,2.1,32.6,1.4,3.1,44.9,0.4,0.7,61.5,0,0.1,0,1.4,3.9,36.5,7.1,10.7,66.1,4.1,11.4,36,4,11.4,34.8,0.4,1.4,28.6,0.6,1.3,45.8,3.8,12.1,31.6,22,18,4,613,23.5,22.9,24.1,29.8,30.1,32,30.2,11.5,9.3,9.8,20.8,19.3,19,10,21.7,14.4,26.9,25.2,107,92.3,14.6,18.6,1.67,17.4,2.4,6,4.3,10.4,52,58.3,98.98,82.48,12.2,27.8,26.9,8.9,20,44.3,3.1,7.9,39,6.1,7,87.5,1.1,3,4.1,5.5,3.3,2.5,0.5,2.7,45.9,0,0,14.5,48.5,60.5,39.5,42.9,18.2,34.4,6.8,22.6,19.4,24.7,46.6,53.4,87.2,12.8,60.7,39.3
JOCELYN WILLOUGHBY,NYL,22,0.6,1.6,36.1,0.1,0.9,15.8,0.4,0.8,47.1,0,0.1,0,0,0,0,0.7,1.6,41.7,3.9,6,64.7,3.5,7.8,44.8,3.3,8.5,38.3,0.3,0.8,36.4,0.3,0.8,33.3,2.6,7.1,36.9,22,2,20,383,17.4,17,17.1,22.4,14.9,21,20.8,17.9,15,15.7,14.4,19.3,23.4,16.2,29.6,25.8,21.8,18.4,86.2,106,-19.8,10.5,0.65,11.2,3.6,9.7,6.5,17.3,42.7,50.2,100.6,83.83,4.6,17.4,15.9,4.8,13.5,35.8,1.9,4.6,40.5,4.3,5.2,83.3,1.9,4.7,6.6,2.5,3.9,1.9,0.7,6.2,31.5,0,0,-19,47.5,66.1,33.9,37.5,12.5,35.2,3.1,27.3,12.5,25,66.7,33.3,100,0,79.5,20.5
JORDIN CANADA,SEA,25,1.4,2,67.5,0.6,1.8,33.3,0.8,2.3,35.6,0,0,0,0,0,0,0.1,0.6,9.1,6.2,8.9,69.1,2.6,8.7,29.3,3.4,10.2,33,0.5,1.5,33.3,0.4,0.9,43.8,3.5,10.8,32.1,20,16,4,483,17.8,15.3,16,1.1,4.5,23.9,25.3,10.8,11.3,11.1,44,23.8,24.8,0,27,16.9,27.8,15.5,102.1,91.3,10.8,35,2.73,35.4,2.1,7.2,4.7,13,42.8,50,98.5,82.09,11.1,24.2,15.8,5.7,13.3,42.4,0.1,1.1,9.1,4.4,5.8,77.2,1,3.6,4.6,11,4,3,0,3.5,43,0,0,10.6,48.8,91.7,8.3,70.1,20.4,1.9,19.1,28,26.8,49.7,23.6,76.4,100,0,25,75
JOYNER HOLMES,NYL,22,0.6,1.1,55.6,0.4,0.7,53.8,0.1,0.7,15.4,0,0.1,0,0.2,0.2,100,0.1,1.4,7.7,2.9,3.9,73.1,2.2,5.4,39.8,1.8,5.3,34.7,0.3,0.7,40,0,0.3,0,1.4,3.9,35.7,19,1,18,190,19.7,18.6,21.5,10,20.1,12.5,13.5,34.9,27.3,29.1,18.6,19.1,8,11.1,23.5,13.9,10.9,16.6,83.9,104.6,-20.8,13.5,1,12.6,6.7,17.4,11.8,12.6,32.6,36.2,102.51,85.42,6.2,10,13.9,5.5,17.9,30.6,0.7,6.9,10.7,2.2,3,75,3.7,8.9,12.7,3.2,3.2,0.5,0.5,3.5,33.7,1,0,-22.6,47.2,61.1,38.9,67.9,7.1,16.1,3.6,16.1,19.6,60.7,52.6,47.4,100,0,59.1,40.9
JULIE ALLEMAND,IND,24,0.4,0.5,66.7,0.2,0.5,36.4,0.2,0.8,27.8,0.1,0.1,100,0,0,0,2,4.1,47.8,10.3,15.5,66.3,6.7,14.2,47.1,5.3,13.6,39.1,0.7,1.5,44.4,0.3,0.8,31.3,4.1,10.8,37.8,22,6,16,716,12.5,11.6,11.3,33.6,25.3,8.2,9.1,5.5,21.4,17.4,36.7,21,27.5,15.5,5.6,18.3,11.8,12.9,101.5,114.5,-13,27.4,2.21,38.7,1.2,13.8,7.4,17.5,62.4,64.3,95.74,79.78,9.5,32.6,13.1,4.3,9.3,45.9,3.1,6.4,47.8,1.5,2.1,73.3,0.6,6.4,7,8.9,4,1.7,0.6,4,38,0,0,-12.3,50,30.8,69.2,18.1,5.3,70.2,2.1,11.7,17,12.8,29.4,70.6,81.8,18.2,67.2,32.8
KAELA DAVIS,ATL,25,0,0,0,0,0,0,0,0,0,0,0,0,0,0,0,0,0,0,0,0,0,1.5,2,75,0,0,0,0,0,0,0,0,0,0,1,0,2,1,1,2,0,0,0,0,0,0,0,0,0,0,0,0,0,0,0,0,0,0,57.1,128.6,-71.4,0,0,0,0,0,0,0,0,0,134.94,112.45,0,1.2,0,0,0,0,0,0,0,0,0,0,0,0,0,0,0,0,0,0,0,0,0,-71.4,35.6,0,0,0,0,0,0,0,0,0,0,0,0,0,0,0
KAHLEAH COPPER,CHI,26,2.6,3.6,71.3,1,2.6,40.4,1.4,3.1,45.6,0.1,0.1,50,0.1,0.1,100,0.9,2.6,32.8,8.8,13.9,63.3,5.5,14.1,39.2,5.2,12.6,41.2,0.5,1.2,43.5,0.4,0.8,53.3,4.3,11.9,36.4,22,12,10,688,21.8,22.5,22.5,15.8,16.7,18.6,21.2,16.9,22,20.9,12.3,20.8,16.2,7.1,27.9,16.8,20.9,21.4,107.2,102.7,4.5,10.4,0.87,12,3.4,14.4,9.2,13.8,53.6,56.1,99.11,82.59,9.7,31.3,22.9,9.3,18.7,49.6,1.5,4.3,34.4,2.9,3.9,73.2,1.5,7,8.4,3.3,3.8,1.5,0.4,3.7,39.6,0,0,4.8,48.3,77.1,22.9,68.1,19,19.3,12.3,12.6,22.1,49.1,52.3,47.7,100,0,59.8,40.2
KAILA CHARLES,CON,22,0.7,1,63.6,0.5,1.5,34.5,0.2,0.8,31.3,0,0,0,0.1,0.2,50,0.5,1.3,35.7,4.7,7.3,63.6,2.8,7.2,39.2,2.5,6.7,37.1,0.4,1.4,27.3,0.3,1,30,2.2,6.7,32.9,21,10,11,376,14.7,14.6,14.7,24.4,18.5,15.6,16.5,20.7,13.7,16,12.8,14.5,18.4,19.4,13.9,25.1,15.4,15.4,98,97.7,0.3,8.1,1,12.7,5.6,8.9,7.1,12.7,46.9,51.1,95.98,79.98,5.8,17.9,15.1,5.3,13,41.2,1.5,4,36.7,2.9,4.1,71,3.1,4.1,7.2,2.5,2.5,2.1,0.9,6,34.2,0,0,-0.3,50.1,69.1,30.9,51.3,8.8,29.2,8.8,19.5,16.8,42.5,44.8,55.2,90.9,9.1,57.5,42.5
KALANI BROWN,ATL,23,1,1.4,69.2,0.1,0.6,16.7,0.2,0.4,50,0,0,0,0,0,0,0,0,0,1.3,2.2,60,1,2.5,40,0.7,1.9,36.8,0,0.5,0,0.3,1,33.3,1.5,3.8,39.5,10,3,7,61,22.9,26.7,22.8,0,0,35.3,32.3,33.3,20,22.2,0,23.8,16.7,33.3,40,37,26.7,26.3,88.4,102.3,-14,0,0,0,4.9,14.5,9.8,15.6,52.2,54.7,101.25,84.37,6.3,6.1,23.3,9.3,17.8,52.2,0,0,0,4.7,7.8,60,2.3,7,9.3,0,3.9,0.8,0.8,7.8,35.2,0,0,-14,47.4,100,0,80,13.3,0,0,20,6.7,66.7,75,25,0,0,75,25
KAMIAH SMALLS,IND,22,0.1,0.3,50,0,0.4,0,0.1,0.4,33.3,0.2,0.5,33.3,0,0,0,0.9,1.3,66.7,4.6,7,65.3,2.7,6.7,40.4,1.7,5.7,30,0.5,0.5,100,0,0.3,0,2.3,6.4,35.6,7,1,6,100,9.2,12.7,12,41.2,27.3,4.3,3.4,15.6,4.5,8.2,25,4.2,8.3,7.1,21.4,7.7,4.1,13.1,97.6,108.4,-10.7,22.6,7,37.8,5.1,2.8,3.9,5.4,62.5,64.7,99.63,83.02,8.9,14.2,12.8,4.3,9.5,45,3.3,5.7,58.3,0.9,0.9,100,2.4,1.4,3.8,6.6,0.9,0.5,0.5,1.4,29.2,0,0,-6.6,47.3,40,60,14.8,7.4,77.8,0,7.4,0,7.4,50,50,100,0,88.9,11.1
KATHLEEN DOYLE,IND,22,0.2,0.3,60,0.1,0.4,14.3,0.1,0.4,12.5,0,0.1,0,0,0,0,0.3,1.1,25,2.8,4,69.1,1.3,3.5,38.1,0.9,3,31.5,0.6,0.9,62.5,0,0.2,0,1.3,3.6,35.9,18,4,14,155,15.6,9.7,15.7,26.3,29.2,2.9,4.9,7,11.8,10.3,27.1,24.7,28,0,9.5,35.6,12.9,9.2,88.3,100,-11.7,20.4,1.06,23.8,1.8,8.1,4.8,22.5,30.5,31.6,101.46,84.55,-2.3,8.6,8.1,3,12.3,24.4,1.5,6.3,23.8,0.6,1.2,50,0.9,3.6,4.5,5.7,5.4,2.1,0,7.8,23,0,0,-9.6,46.8,48.8,51.2,37,7.4,55.6,0,7.4,0,29.6,40,60,100,0,70,30
KATIE LOU SAMUELSON,DAL,23,0.5,0.5,91.7,0.4,0.5,75,0,0.5,8.3,0,0.1,0,0,0,0,0.9,2.6,32.8,5.6,8.3,68.1,4.2,9.5,44.3,2.6,7.4,35.6,0.5,0.9,50,0.2,0.8,25,2.4,6.9,34.9,22,8,14,439,11.1,12.3,12.4,18.8,19.9,6.5,7.2,9,17,15,16.8,9.4,17.2,23.5,3.1,15.5,12.1,12,101,104.9,-3.9,10.6,2.5,20.7,1.7,10.6,6,8.3,51.6,53.6,98.86,82.39,6.9,19.9,12.1,4.4,10.6,41.7,2.1,6.6,31.7,1.2,1.7,73.3,0.9,5,5.8,3.3,1.3,1.7,0.9,3.5,30.3,0,0,-2.6,48.3,37.5,62.5,38.2,1.8,51.8,7.3,10,20.9,36.4,76.2,23.8,100,0,87.5,12.5
KAYLA ALEXANDER,MIN,30,0.5,0.6,85.7,0.5,1.2,38.9,0.2,0.4,60,0,0,0,0,0,0,0,0,0,1.5,2.5,63,1.4,2.6,53.8,0.9,2.4,36.4,0.3,1.4,20,0,0.7,0,0.7,2.5,26.3,16,11,5,89,18.8,29.6,22.2,0,0,17.2,22.2,42.9,12,21.1,10.7,14,18.2,33.3,38.5,29.2,18.2,24.8,82.8,101.7,-18.9,7.9,0.5,7.1,10.6,6.7,8.6,14.3,53.3,55.2,96.81,80.67,7.7,5.6,20.6,8.9,16.7,53.3,0,0,0,2.8,4.4,62.5,5,3.3,8.3,1.7,3.3,1.1,1.7,7.8,38.1,0,0,-18.9,49.6,100,0,86.5,16.2,0,0,13.5,8.1,70.3,62.5,37.5,0,0,62.5,37.5
KAYLA MCBRIDE,LVA,28,0.4,0.8,52.9,1.1,2.3,47.1,1.5,3.2,45.1,0,0.2,0,0,0,0,1.1,3.2,35.7,7.5,10.7,69.5,4.4,10.5,41.6,4.9,12.5,38.8,0.7,2,36.7,0.5,1.1,41.2,4.2,12.7,32.9,22,18,4,585,20,18.8,21.1,43.9,48,22.4,20.2,7.4,9.8,9.3,16.7,17.8,24.1,4.3,15.7,14.7,17.3,20.8,107.2,99.7,7.5,13.4,1.68,15.9,1.6,6.9,4.4,9.5,48.3,55.8,101.1,84.25,9.5,26.6,22.2,7.3,17.2,42.5,2,5.9,34.2,5.7,6.3,89.7,0.7,3.4,4.1,4.2,2.5,2.1,0.2,2.4,37.8,0,0,8.3,47.3,65.6,34.4,47.3,23.3,27.3,6.2,25.5,14.9,24,70.8,29.2,92,8,76.7,23.3
KAYLA THORNTON,DAL,28,0.6,0.7,87.5,0.5,1.1,45.8,0.2,0.7,26.7,0,0.1,0,0.1,0.1,100,1,3.1,33.8,6.8,9.7,70.1,5.6,12.8,44,3.3,8.6,38.4,0.4,1.1,31.6,0.2,0.6,27.3,3,8.6,35.3,22,8,14,557,13.1,13.7,13.3,21.2,18.8,11.9,11.5,26,24.6,25,8.1,15,17.7,8.7,6.1,23,13.1,14.1,102.5,105.5,-2.9,5,0.68,9.2,5.5,15.5,10.3,13.5,52.4,57.1,96.2,80.17,7.1,25.3,14.4,4.8,11.4,42.5,2.2,6.5,34.7,2.5,2.9,87.5,2.9,7.3,10.1,1.5,2.2,1.8,0.4,5.8,33.1,2,0,-3.1,49.9,43.3,56.7,36,5,46.6,10.6,17.4,26.1,31.1,75.9,24.1,92,8,83.3,16.7
KELSEY MITCHELL,IND,25,1.6,2.4,67.9,1,2.7,38.3,1,2.3,45.1,0,0.1,0,0,0,0,2.5,6.5,39.4,10.1,15.3,66.1,6.4,13.8,46.4,4.9,12.8,38.4,0.7,1.5,44.4,0.3,0.7,41.7,4.1,11.4,36.4,22,6,16,706,24,25.8,25.7,42.1,38.6,23.3,22.4,3.8,9.8,8.2,17.9,20.5,15.6,3.8,19,19.1,21.8,26.9,103.1,113.1,-10,15.7,1.15,13.7,0.9,6.3,3.5,11.9,53.9,57.9,96.76,80.64,8.6,32.1,27.7,9.7,21.6,44.8,3.9,10.1,38.9,4.4,5.1,84.9,0.4,3,3.4,4.4,3.8,1,0.1,4.4,37.8,0,0,-9.9,49.6,53.2,46.8,41.6,11.7,42.6,10.2,15.7,15,29.9,37.8,62.2,80.4,19.6,55.1,44.9
KENNEDY BURKE,IND,23,1.1,1.4,80.6,0.6,1.6,38.9,0.1,0.5,25,0.2,0.2,100,0,0,0,0.6,2.1,28.3,5.9,8.9,66.7,3.5,7.9,45.1,2.9,7.5,38.8,0.3,1,30.8,0.2,0.6,36.4,2.5,6.7,37.8,22,6,16,403,18.4,19.2,19.2,22.1,23.4,19,21.3,21.6,7.9,11.4,13,16.1,28,23.5,23.7,14.9,15.8,19.4,98.9,110.5,-11.6,10.4,0.93,12.6,5,5.1,5.1,13.6,50.8,54.6,98.66,82.22,6.8,18.3,19.2,6.9,15.3,44.9,1.8,5.8,31.3,3.6,5.1,71.4,2.3,2.4,4.7,3,3.3,1.7,1,2.9,34.1,0,0,-11.5,48.6,62.2,37.8,52.8,3.8,28.3,11.3,18.9,14.5,49.1,59.5,40.5,100,0,70.2,29.8
KIA NURSE,NYL,24,1,2,52.4,0.4,2.2,17.4,0.3,1.5,22.6,0.1,0.2,33.3,0,0,0,1.4,6,23.6,6.9,10.4,66.1,5.1,12.1,42.5,5.3,14.2,37.2,0.5,1.1,44.4,0.2,0.7,28.6,4,11.7,34.1,21,2,19,578,25.4,19.7,26.9,26.3,32.5,38.9,38,10.4,11.8,11.5,21.1,17.2,12.9,6.7,27,13.5,35.8,24.6,87,102.4,-15.3,17.3,1.04,12.4,1.8,8,5,11.9,33.5,43.5,99,82.5,5.3,27.5,21.4,5.7,20.9,27.3,2.6,10.9,23.8,7.5,8.6,86.4,0.9,4.1,5,4,3.9,0.9,0.3,3.2,33.4,0,0,-15.1,48.4,47.8,52.2,28.9,5.5,36.3,4.7,34.8,18,23.4,32.4,67.6,83.9,16.1,55.9,44.1
KIA VAUGHN,PHO,33,0.8,1.1,72,0.8,1.7,48.6,1.2,2.9,41.3,0,0,0,0,0,0,0,0.1,0,5.1,8.3,61.2,3,8.8,33.7,3.2,7.1,45.2,0.2,0.6,36.4,0.2,0.8,23.1,3.3,8.3,39.6,22,13,9,415,17.5,20.1,18.4,0,0.7,6.3,8.9,32.4,21.4,23.8,16,21.5,17.2,11.5,15.6,21.3,7,15.1,103.4,104.3,-0.9,13.8,1,16.7,6,13,9.7,16.7,48.8,49.9,99.47,82.9,7.3,18.9,15.6,7.2,14.7,48.8,0,0.2,0,1.3,2.2,57.9,2.8,6.5,9.3,3.9,3.9,1.3,0.8,4.5,35,0,0,-0.5,48.1,98.4,1.6,91.9,38.5,0,3,8.1,19.3,53.3,85.5,14.5,0,0,85.5,14.5
KIAH STOKES,NYL,27,1.1,1.8,61.5,0.2,0.4,62.5,0.1,0.2,40,0,0.3,0,0,0.2,0,0.9,3.5,26.3,6.5,10,64.8,5.5,12.5,44.2,5.6,14.7,38,0.5,1.1,47.4,0.2,0.7,33.3,3.6,10.9,33.3,22,2,20,601,12,13.9,14,16.7,20.2,1.8,2.6,23.3,27.4,26.5,12.1,10.2,11.6,40.6,6.3,16,4.8,11.8,86.2,101.7,-15.5,8.3,0.93,13.4,4.4,18.7,11.6,14.4,44.5,45,98.9,82.42,8.3,27.3,10.1,4.1,11,37.2,1.6,6.8,23.5,0.3,0.6,57.1,2.3,9.6,11.8,2.1,2.3,0.9,2.1,3.6,34.2,0,0,-14.9,48.4,38,62,49.2,3.2,47.6,5.6,3.2,2.4,46,77.4,22.6,95,5,84.3,15.7
KIARA LESLIE,WAS,25,0.5,1.1,50,0.5,1.3,37.5,0.1,0.9,11.8,0.1,0.3,50,0,0,0,0.8,2.3,34.9,4.4,6.1,72.2,4.4,9.2,47.7,3.3,7.9,41.3,0.1,0.6,22.2,0.3,0.9,38.5,3.3,9.7,33.5,19,8,11,415,14.5,13.1,15.5,20.2,18.8,9.9,9,20.5,17,17.8,10.4,14,11.3,25,13.8,16.2,9.2,13.4,96.2,97.3,-1.1,7.9,1.11,13.2,3.6,11.4,7.3,11.8,43.1,46.2,94.83,79.02,5.5,21.8,12.9,4.7,13.2,35.2,2.1,5.8,36.2,1.5,1.6,92.3,1.8,5.1,7,2.5,2.2,1.1,0.9,3.3,28.6,0,0,-2,50.8,56.5,43.5,40,3.8,48.6,7.6,11.4,14.3,36.2,47.6,52.4,94.1,5.9,68.4,31.6
KRISTINE ANIGWE,LAS,23,1.4,1.6,88.9,0.4,1.1,31.6,0.1,0.4,28.6,0,0,0,0,0,0,0,0,0,2.2,2.8,77.1,1.6,4.1,40.6,1.6,4.5,36.4,0.5,0.9,50,0.5,1.3,37.5,2.1,5.6,36.5,17,11,6,197,17.9,20.3,16.6,0,0,20.9,27.7,54.5,23.7,30.6,4.1,23.2,20,53.8,50,34.4,25.9,18.4,105.2,98.5,6.7,3.2,0.25,4.8,10.1,15,12.5,19,60.4,60.5,97.96,81.64,7.4,11.6,19.4,8,13.2,60.4,0,0,0,3.5,6.5,53.8,4.5,6.7,11.2,1,4,2.7,1.7,8.2,43.8,0,0,6.2,49.1,100,0,82.1,5.1,0,7.7,17.9,19.2,76.9,71.9,28.1,0,0,71.9,28.1
KYLEE SHOOK,NYL,22,0.6,0.8,75,0.5,1.5,31,0.4,0.9,47.1,0,0.1,0,0,0,0,0.2,0.8,18.8,4.3,6,71.4,2.7,6.7,39.6,2.9,7,41.7,0.2,0.5,42.9,0.1,0.6,14.3,2.2,5.8,37.4,20,2,18,290,15.5,18.3,16.4,6,9.2,12.7,12.8,27.3,22.7,23.7,10.3,16.1,15.2,32.3,27.7,18.1,11.2,15.9,82.9,110.6,-27.7,7.7,0.55,9.3,4.8,14.2,9.3,16.9,42.4,46.8,101.57,84.64,6.1,14.5,13.2,5.2,12.8,40.5,0.5,2.8,17.6,2.3,2.8,82.4,2.4,6.7,9.1,1.8,3.3,1.1,1.6,4.2,31.8,0,0,-27.2,47.1,78.5,21.5,71.6,19.8,11.1,2.5,17.3,12.3,51.9,75.9,24.1,100,0,78.1,21.9
LAUREN COX,IND,22,0.4,0.8,54.5,0.4,1.1,40,0.2,0.8,27.3,0,0,0,0,0,0,0.2,0.4,60,3.2,5.4,60,2.8,6.8,41.1,1.4,4.9,27.9,0.6,1.2,50,0,0.5,0,1.2,4.3,28.3,14,3,11,183,14.1,14,14.6,8.8,6.3,16.2,17.2,26.3,27.7,27.4,22.6,13.9,26.1,22.2,7.7,25,13.4,13.9,94.7,94,0.7,17.1,1.73,23.8,5.8,18.6,12.6,13.8,45.3,50.4,98.17,81.81,10.7,13.1,13.2,4.7,11.3,41.9,0.8,1.6,50,2.9,3.9,73.3,2.6,9.5,12.1,5,2.9,1.6,1.1,5.3,40.2,0,0,3.7,48.1,86,14,60,12,18,4,22,22,48,53.3,46.7,100,0,61.1,38.9
LAYSHIA CLARENDON,NYL,29,1.7,2.1,80,1.3,3.5,37.9,0.1,0.5,22.2,0,0,0,0,0.1,0,0.8,2.3,34.9,6,9.2,65.5,5.7,12.4,46.2,5.1,13.8,36.6,0.4,0.9,50,0.1,0.7,10,3.5,9.8,36,19,2,17,496,21.8,25,19.7,15,12.3,27.6,26.3,6.6,12.3,11.1,40.4,31.3,21.7,0,22.6,24.2,29.5,24.5,87.2,100.2,-13,33.3,1.14,22.8,1.1,8.2,4.6,20.1,51.3,58.4,99.01,82.51,9.8,26.1,21.3,7.2,15.6,46.5,1.5,4.3,34.1,5.4,6.2,87.3,0.6,4.1,4.7,7.2,6.4,1.8,0,5.4,36.8,0,0,-13.4,48.6,72.3,27.7,54.1,1.8,20.6,6.4,25.2,18.3,52.3,25.4,74.6,66.7,33.3,33.8,66.2
LEAONNA ODOM,NYL,22,1.3,1.9,69,0.5,1.4,40,0.1,0.3,33.3,0.1,0.2,66.7,0.1,0.1,50,0.1,0.7,13.3,5,7.4,67.3,4,9.2,43.8,4.1,11.5,35.7,0.2,0.7,33.3,0.1,0.5,28.6,3,8.2,37,22,2,20,453,11.7,17.1,13.2,5.5,6.3,11.4,10.7,37.8,5,12.3,9.2,7.6,21.4,14.5,20.5,17.8,10.7,14.6,88.9,100.3,-11.4,6.9,1.07,11.5,7.1,3.4,5.2,10.8,51.5,56,98.8,82.33,6.2,20.6,13,5.2,10.5,49,0.5,2.2,25,2.2,2.5,87,3.7,1.7,5.4,1.7,1.6,1.6,0.9,4,27.8,0,0,-11.9,48.7,79.6,20.4,71.1,3.3,12.4,13.2,16.5,15.7,67.8,79.1,20.9,100,0,81.3,18.8
LEILANI MITCHELL,WAS,35,0.9,1.4,63.3,0.6,1.4,46.7,0.5,1.1,45.8,0.1,0.2,33.3,0.1,0.1,66.7,1.2,4,29.5,6.8,9.6,71.1,6.2,13.5,45.9,4.7,12.4,38.2,0.2,1,15,0.5,1,47.6,5,13,38.2,22,9,13,673,15.5,14.3,15.4,21.2,23,16.7,15.9,9.4,12.4,11.8,34.3,17.8,13.5,2.8,24.4,17.8,16.4,15.4,102,102.5,-0.5,27.2,3.13,33.9,1.6,8.2,4.8,10.8,48.9,53.3,95.3,79.41,8.9,30.6,15.7,5.5,13.4,40.8,2.2,7.1,30.5,2.5,2.9,87.2,0.8,3.8,4.6,8.9,2.8,1.3,0.1,3.4,35.8,1,0,-0.7,50.4,46.9,53.1,42.1,10.5,41.6,5.7,16.3,17.7,31.6,25,75,75.9,24.1,45.2,54.8
LEXIE BROWN,MIN,26,0.6,1,58.8,0.2,0.6,27.3,0.6,1.8,35.5,0,0.2,0,0,0,0,0.8,2.9,28.6,5.5,7.5,74,3.5,8.2,42.4,2.8,8.2,34.5,0.7,2,35.7,0.5,0.9,54.5,3,9.5,31.5,17,11,6,374,17.1,13.4,17.9,18.4,25.9,14.5,15.4,3.6,13.4,10.7,22.4,16.6,33.7,0,5.7,17,13.5,14.1,102.9,97.1,5.8,16.7,1.71,21.9,0.9,8.6,4.7,12.8,40.5,44.8,96.53,80.45,6.8,22,14.5,5.1,14.8,34.2,1.9,6.9,26.9,2.5,3.2,79.2,0.4,4,4.4,5.5,3.2,4.1,0,3.5,37.2,0,0,5.3,49.9,53.2,46.8,44,20.2,38.5,7.3,17.4,41.3,23.9,45.8,54.2,100,0,65.8,34.2
LINDSAY ALLEN,LVA,25,0.6,0.8,76.5,0.1,0.7,21.4,0.3,0.9,33.3,0.1,0.1,100,0,0,0,0.2,0.8,31.3,3.6,4.8,74.3,2.3,5.5,42.2,2.3,6.4,35.8,0.4,1.2,30.8,0.3,0.8,36.4,2.3,6.7,34.8,21,18,3,284,12.7,12.1,13.3,19.4,21.4,6.3,6.6,9.2,8.3,8.5,34.7,16.7,14.3,6.7,26.9,20,10.8,11.3,102.3,99.2,3.1,25,3.19,37,2.1,5.8,4,11.6,46.3,49,102.49,85.4,6.8,13.5,11.5,4.6,11,41.8,1,3,33.3,1.3,1.6,80,1,2.8,3.8,8.4,2.6,1.2,0.2,3.3,30,0,0,3.5,46.8,73.1,26.9,62.9,17.1,25.7,11.4,11.4,25.7,45.7,59.1,40.9,66.7,33.3,60.7,39.3
MARIE GÜLICH,LAS,26,0.6,0.8,77.8,0.4,0.9,45.5,0.1,0.3,33.3,0,0,0,0,0,0,0,0.3,0,2,3,66.7,1.6,4,39.6,1.8,4.7,38.5,0,0,0,0.1,0.1,100,2.3,4.5,50,12,8,4,119,12,14.4,14.1,0,5.5,6.3,5.2,33.3,20.3,22.8,14,10.6,14.3,27.3,25,32.4,6.8,11.4,102.8,110.4,-7.6,9.1,1.4,17.9,5.1,12.7,9,12.8,50,53.1,100.27,83.56,3.9,9.9,11.7,5.3,10.5,50,0,1.2,0,1.2,1.2,100,2,5.3,7.3,2.8,2,1.6,1.2,9.3,31.2,0,0,-8.9,48.2,88.5,11.5,89.7,6.9,0,6.9,10.3,31,82.8,92.3,7.7,0,0,92.3,7.7
MARINA MABREY,DAL,24,0.7,1,66.7,0.8,1.8,42.4,0.2,0.9,25,0.1,0.2,66.7,0,0,0,2,4.9,40.9,6.9,10.1,68.7,5,10.8,46.4,3.4,8.3,40.9,0.4,0.9,42.9,0.2,0.7,22.2,2.2,5.9,37.4,18,6,12,403,21,22.5,22,36.9,30,9.8,12.1,12.1,20.8,18.3,24.2,26.3,29.8,6.5,22.2,18.8,18.3,21.8,105.7,109,-3.3,18.4,1.39,17.7,2.6,13.5,7.5,12.8,55.1,56.4,97.74,81.45,10.1,22.4,23.1,8.3,19.2,43,4.6,11,41.8,1.9,2.9,66.7,1.3,5.8,7.2,5.2,3.8,3,0.2,4.5,45.5,0,0,-2.5,48.9,42.4,57.6,31.6,4.2,60,6.3,8.4,18.4,27.4,20,80,81.6,18.4,54.4,45.6
MEGAN GUSTAFSON,DAL,24,0.2,0.6,40,0.2,0.7,33.3,0,0.2,0,0,0,0,0,0,0,0,0.1,0,1.4,1.9,76.5,1.6,2.8,56,0.6,1.9,29.4,0.7,1.7,40,0,0.5,0,0.5,2,25,9,4,5,47,16.9,14.8,16.5,0,3.2,24,27.3,46.2,15.2,23.9,6.7,13.3,0,16.7,50,50,29.6,16.5,84.2,100,-15.8,4.3,0.5,4.8,10,10.6,10.3,9.5,28.6,39,99.19,82.66,-0.4,5.3,13.9,4,13.9,28.6,0,1,0,5.9,8.9,66.7,5.9,5,10.9,1,2,0,1,8.9,29.4,0,0,-9.9,47,92.9,7.1,57.1,0,0,0,42.9,0,57.1,75,25,0,0,75,25
MEGAN HUFF,LVA,24,0,0,0,0,0.1,0,0,0.2,0,0,0,0,0,0,0,0,0.2,0,4,5,80,0.7,1,71.4,0.2,0.8,20,0,0,0,0,1,0,0,0.8,0,7,6,1,15,18.2,0,13.6,0,25,0,0,66.7,20,30.8,33.3,42.9,0,0,25,42.9,0,0,62.1,80.6,-18.6,14.3,0.33,14.3,13.3,12.5,12.9,42.9,0,0,95.51,79.59,-17.2,2.2,0,0,10.3,0,0,3.4,0,0,0,0,6.9,6.9,13.8,3.4,10.3,0,0,10.3,11.4,0,0,-24.1,52,66.7,33.3,0,0,0,0,0,0,0,0,0,0,0,0,0
MEGAN WALKER,NYL,22,0.5,0.6,90,0.3,0.7,46.2,0.2,0.7,33.3,0,0.2,0,0,0,0,0.3,2.2,15,3.9,5.2,74.2,2.1,4.8,44.2,2.1,5,42.2,0.4,1,40,0.2,0.2,100,1.4,4.1,35.6,18,2,16,205,17.2,20.8,21.8,17.1,27.9,4.3,5.7,21.2,12.9,15.3,8.2,8.1,10.5,0,22.6,16.7,8.2,17.2,78.9,111.1,-32.2,6.3,0.86,6.5,4.5,8.4,6.2,7.5,35.9,36.8,100.72,83.94,2,11.4,13.5,5.7,17.9,32.1,1.4,9.9,14,0.7,1.1,60,2.5,3.7,6.2,1.4,1.6,0.9,0,3.4,24.2,0,0,-29.4,47.1,44.9,55.1,64.4,13.6,30.5,11.9,5.1,11.9,50.8,73.7,26.3,100,0,80,20
MERCEDES RUSSELL,SEA,25,0.9,1.4,61.3,0.4,1.5,27.3,0.2,0.6,28.6,0,0,0,0,0,0,0,0,0,3.3,5.2,62.6,1.7,4.8,35.8,2,5.3,37.6,0.2,1.2,15.8,0,0.4,0,1.7,6.2,27,22,18,4,304,15.1,14.2,15.2,0,0,12.4,18,28.6,27.8,28,8.9,16.3,11.8,29.6,22.7,15.6,15.1,12.5,102.5,88.3,14.2,6.7,0.81,11.1,5.3,17.1,11.3,13.7,41,43.8,96.52,80.43,7.6,13.8,12.8,5.3,12.8,41,0,0,0,2.3,4.1,56,2.6,8.9,11.5,2.1,2.6,1.3,1.3,3.4,35.1,0,0,13.5,49.9,100,0,82.1,10.3,0,2.6,17.9,17.9,71.8,87.5,12.5,0,0,87.5,12.5
MIKIAH HERBERT HARRIGAN,MIN,22,0.3,0.4,75,0,0.7,7.1,0.4,1.3,33.3,0.1,0.1,100,0,0.1,0,0.6,1.5,41.9,3.3,4.9,68.6,1.7,4.5,37.9,1,3.7,28.2,0.4,1,41.7,0,0.5,0,1.1,5,22.9,21,13,8,234,17.6,18.4,21.5,29.2,26.4,4.5,5.2,22.6,22.8,22.7,7.1,15.2,16.7,39.1,27.3,18.3,7.6,16.3,98.8,91.6,7.2,5.3,0.47,6.5,6.1,13.5,9.9,14,45.1,46.4,100,83.34,7.5,11.2,16.1,6.1,16.7,36.6,2.9,6.7,42.4,1,1.4,71.4,2.9,6.9,9.8,1.4,3.1,1.6,1.8,4.3,37.4,0,0,7.8,47.9,59.8,40.2,40.5,22.8,53.2,7.6,6.3,17.7,17.7,81.3,18.8,92.9,7.1,86.7,13.3
MONIQUE BILLINGS,ATL,24,1.6,2.7,58.3,1,2.9,32.8,0.5,2.1,26.1,0,0,0,0,0,0,0,0,0,6.4,9.2,69,6,13.1,45.7,4.4,11.1,39.6,0.5,1.1,45,0.5,1.3,42.1,4,11.7,34.2,22,7,15,596,17.3,14.7,16.4,0,0,27.4,27.7,42.3,33.1,35.5,10.6,18.8,23.5,34.6,18.6,23.1,32.4,15.6,98.5,105.3,-6.8,6.9,0.64,10,9.6,22,15.7,15.6,40,46.9,98.13,81.77,9.1,27.1,15.3,5.6,13.9,40,0,0,0,4.2,5.5,76.1,4.8,10.6,15.3,2.2,3.4,2,1.5,5.1,43.9,4,0,-6.4,48.8,100,0,72.7,12.8,0,9.6,27.3,17.1,59.9,70.6,29.4,0,0,70.6,29.4
MORGAN TUCK,SEA,26,0.2,0.4,50,0.1,0.2,50,0,0.1,0,0,0.2,0,0,0.3,0,0.2,0.6,33.3,1.9,2.9,65.5,0.8,3.3,24.2,1.4,4.4,31.8,0.3,1,33.3,0,0.7,0,0.9,3.9,23.1,10,9,1,88,13.1,8.9,12,13.3,19.1,18.5,21.1,14.3,6.9,8.3,5.1,15.4,33.3,0,9.1,30,21.4,11,86,86.6,-0.6,3.9,0.33,7.1,2.5,3.8,3.2,21.4,37.5,43.5,97.21,81.01,-1.3,8.8,9.5,2.8,8.9,31.3,1.1,5,22.2,2.8,4.5,62.5,1.1,2.2,3.4,1.1,3.4,2.8,0,6.7,20.2,0,0,-0.6,49.4,43.8,56.3,35.3,0,35.3,0,29.4,23.5,35.3,100,0,100,0,100,0
MORIAH JEFFERSON,DAL,26,0.7,1,66.7,0.8,2.1,36.8,0.3,1,33.3,0,0,0,0,0.2,0,0.2,0.6,40,4.3,6,72.2,4.2,8.6,49.4,2.7,6.9,38.7,0.5,1,50,0.2,0.3,50,2.2,6.6,33.9,9,3,6,150,17.5,18.8,15.9,10,7.1,13.7,18.2,21.1,21.7,21.5,41.3,30.6,24.1,14.3,10,22.1,13.2,17.1,86.2,106.2,-20,24.4,1.27,23.5,4.4,13.8,8.6,18.5,44.2,46.6,97.53,81.28,7.7,16.7,14.8,5.9,14.1,41.9,0.7,2,33.3,2.3,3.9,58.3,2.6,6.6,9.2,6.2,4.9,2.3,0.7,5.6,39,0,0,-20.3,49.3,86,14,71.1,13.3,13.3,13.3,15.6,24.4,57.8,31.3,68.8,100,0,38.9,61.1
NAPHEESA COLLIER,MIN,24,2.7,3.3,82.2,1.9,4.2,45.2,0.6,2,31.1,0,0.1,50,0.1,0.1,100,0.8,2.1,39.1,8.8,11.8,74.9,5.5,12.4,44.5,5.2,14.1,36.8,0.9,2.1,43.2,0.6,1.6,39.3,4.8,14.5,32.8,22,14,8,752,20.7,22.9,20.7,12.2,12,22.3,22.3,34.5,29.6,30.9,18.6,21.7,25,49.1,25.4,19.5,25.3,21.7,109.2,102.1,7.2,15.9,1.24,17.1,8.8,19.9,14.3,13.8,56.2,60.5,95.44,79.54,14.5,34.2,23.7,9.1,17.4,52.3,1.3,3.3,40.8,4.2,5.1,82.9,4.1,9.2,13.3,4.9,3.9,2.7,1.9,4,56.7,7,0,7.2,50.3,81.2,18.8,65.4,7.9,16.9,5.6,17.7,19.2,57.5,59.5,40.5,95,5,64.7,35.3
NATALIE ACHONWA,IND,28,1.4,2.1,68.4,0.8,1.4,56,0.9,2.3,40.5,0,0,0,0,0,0,0,0.6,0,6.7,10.3,65.4,3.9,7.3,54.2,3.6,8.6,41.3,0.5,1.1,46.2,0.3,0.6,50,2.8,7.2,39.2,18,4,14,363,19.1,21.3,19.1,0,5.2,18.8,19,39.4,32.3,33.9,17.8,22.4,18.4,47.8,34.4,29.1,22.8,19,97.7,114,-16.2,14.7,0.94,16.1,7.5,22.6,14.8,17.2,49.6,54.2,99,82.5,9.5,20.2,18.6,7.6,15.3,49.6,0,1.3,0,3.4,4.2,81.3,3.4,9.7,13.1,4.1,4.4,1.2,1.5,6.1,44.1,0,0,-14.9,48.2,91.3,8.7,81.4,24.3,0,2.9,18.6,11.4,57.1,77.2,22.8,0,0,77.2,22.8
NATASHA HOWARD,SEA,29,2.4,3.6,66.3,1,2.4,43.4,0.2,0.5,36.4,0.1,0.1,100,0,0,0,0.3,0.9,31.6,5,7.9,63,2.7,8.9,30.6,3,9.1,33.5,0.2,0.9,23.5,0.7,1.3,50,3,9.1,32.3,22,18,4,463,21.4,23.5,20.9,7.2,8.4,16.4,17.6,55.3,32.5,37.7,8.4,28.6,31.9,30.4,22.6,39.6,15.9,20.7,107.7,89.2,18.5,7.7,0.48,8.8,12.2,20.8,16.8,18.5,55.2,58.1,97.93,81.6,13.4,21,22.3,9.3,17.5,53,0.7,2.1,35,3,3.8,77.8,5.5,11.1,16.6,2.3,4.9,4.1,1.5,7.1,57.5,3,0,17.3,49.4,87.8,12.2,76.6,3.8,10,6.7,13.4,25.8,72.7,72.5,27.5,100,0,74.7,25.3
NATISHA HIEDEMAN,CON,23,0.5,0.7,75,0.2,1,22.7,0.2,1.1,20,0,0,0,0,0.1,0,1,2.9,36.5,5.1,7.4,69.1,2.7,7.1,38.2,2.4,7.1,33.3,0.3,1.2,28.6,0.5,1.1,41.2,2.5,7,35.7,22,10,12,408,17.1,16.9,18.5,31.5,27.4,13.5,14,7.7,12.4,11.1,25.8,15.6,9.6,0,21.4,20.3,12.4,17.6,92.8,101,-8.1,18.5,1.71,20,1.8,8.8,5,11.7,44.5,47.8,96.91,80.76,5.3,18.6,16.3,5.5,15.5,35.4,2.8,7.8,35.9,2.6,3.6,70,1,4.1,5.1,5,2.9,1,0,5.2,29.9,0,0,-8.6,49.7,49.6,50.4,32.8,7.5,51.5,12.7,15.7,18.7,25.4,27.3,72.7,65.2,34.8,46.7,53.3
NIA COFFEY,PHO,25,0.1,0.1,100,0.1,0.3,40,0.4,0.7,54.5,0,0.1,0,0,0,0,0.5,1.3,35,3.2,4.5,70.6,2.9,7.1,40.2,2.6,7.5,34.8,0.1,0.8,12.5,0,0.8,0,2.5,6.9,36.5,15,7,8,230,8.9,9.6,10,17.9,16.8,1,4.8,11.4,21.1,18.9,10.3,8.3,13.9,20,0,28.3,12.3,8.4,99.2,99.2,0,8,1.71,20,2.3,13,7.9,11.7,51.3,49.2,99.65,83.04,4,15.3,8.4,3.3,7.9,42.1,1.5,4.4,33.3,0.2,1.3,16.7,1,6.7,7.7,2.5,1.5,1,1,6.3,26.2,0,0,0.6,48,44.7,55.3,45,30,52.5,5,2.5,20,15,55.6,44.4,100,0,75,25
NNEKA OGWUMIKE,LAS,30,3,4,75,0.9,2.2,40,0.9,2.1,43.2,0,0,0,0,0,0,0.5,1,50,6.8,9.4,72.2,4.4,9.8,44.6,3.9,10.8,35.9,0.5,1.2,37.5,0.2,0.8,25,3.9,10.6,36.8,18,14,4,471,20.3,25.3,21,11.3,8.7,28.1,26.8,27.6,23.2,24.1,12.8,16.4,18.6,10.7,31,20.8,26.5,24.5,102,94.4,7.6,11,1.11,12.6,4.8,15.5,10.1,11.3,59.6,63.6,98.06,81.72,13.9,26.2,25,9.9,17.4,56.9,0.9,1.9,50,4.3,5.1,83.7,2.2,6.9,9.1,3.2,2.9,2,0.3,4.3,44.7,0,0,6.9,49.1,89.2,10.8,71.7,13.3,11.3,5.8,17.1,13.3,58.3,74.4,25.6,100,0,76.8,23.2
ODYSSEY SIMS,MIN,28,1.3,2.3,56.7,0.8,2.2,35.7,0.5,1.7,31.8,0,0,0,0,0,0,0.6,1.8,33.3,4.9,6.8,72.7,3.1,6.8,45.5,2.9,7.8,37.6,0.8,1.4,53.8,0.3,0.7,50,2.4,8.2,29.2,13,7,6,240,25.5,21.9,24.9,16,17.4,31.9,29.5,13.3,12.6,12.8,33.8,31.3,17.1,6.7,26.1,19.1,27.5,23.1,108.2,105.5,2.7,30,1.8,23.9,3.4,8,5.7,13.3,44.2,51.5,97.72,81.43,9.5,18.5,25,8.6,21.3,40.4,1.6,4.9,33.3,6.1,6.8,90.9,1.6,3.7,5.3,9.2,5.1,1.4,0.2,4.5,45,0,0,2,49.3,76.9,23.1,55.7,11.5,19.7,13.1,24.6,22.1,44.3,41.2,58.8,100,0,52.4,47.6
PARIS KEA,NYL,24,0.3,0.9,30,0.3,0.7,37.5,0.8,2,40.9,0,0,0,0,0,0,1.2,3,39.4,4.3,6.5,65.3,2.6,6.5,40.8,2.4,7.9,29.9,0.2,0.8,25,0.2,0.4,50,2,5.9,33.8,11,1,10,165,25.3,27.2,27.3,37.1,29.2,17.1,15.7,20,13.9,15,29.6,25,31.8,17.6,21.7,16.7,18.2,27,82,103.2,-21.2,21.3,0.84,14.3,3,9.6,6.4,17,47.3,49.7,100.2,83.5,8.2,15,22.1,8.1,21.2,38.4,3.8,9.6,39.4,2,2.3,87.5,1.5,4.9,6.4,4.7,5.5,2,0.9,3.5,39.9,0,0,-21.2,47.9,54.8,45.2,39.5,23.7,51.3,3.9,9.2,3.9,15.8,6.7,93.3,30.8,69.2,17.9,82.1
RACHEL BANHAM,MIN,27,0.4,0.5,77.8,0.4,1.1,31.8,0.5,1,45,0.1,0.1,100,0.1,0.1,100,1.1,2.5,44,3.7,4.6,80.2,3,6.8,44.1,2.9,7.9,36.9,0.6,1.2,50,0.5,1.4,35.3,2,6.8,28.9,20,12,8,339,16.8,18.3,18.3,33.3,29.6,13,13.2,2.3,11.4,8.7,27.5,15.3,14.3,9.1,20.5,27.8,13.2,19,105.4,99.7,5.7,22,2.35,26.1,0.6,7.2,3.9,11.1,58.2,60.7,96.47,80.39,8.5,16.9,20,7,15.2,46.2,3.6,7.7,47.2,2.3,2.9,80,0.3,3.4,3.6,6.9,2.9,1.3,0.3,5.8,36.6,1,0,6.9,49.5,49,51,33.6,13.1,54.7,2.2,11.7,14.6,20.4,47.8,52.2,88,12,68.8,31.3
RESHANDA GRAY,LAS,27,0.3,0.4,75,0,0.3,0,0.1,0.4,25,0,0,0,0,0,0,0,0,0,1,2,50,0.9,2.6,34.6,1.3,3.5,37.1,0,0.4,0,0,0,0,0.8,2.4,33.3,10,6,4,63,16,9.1,11.6,0,0,25,25,50,44.9,45.9,9.1,29.4,8.3,36.4,60,29.4,15.2,11.2,93.3,85.5,7.8,7.5,0.3,11.1,11.1,31.9,22.8,37,36.4,49.7,101.75,84.79,10,6.3,10.4,3,8.2,36.4,0,0,0,4.5,5.2,85.7,4.5,16.4,20.9,2.2,7.5,0.7,3,7.5,42.6,0,0,9.7,46.6,100,0,57.1,14.3,0,0,42.9,0,42.9,75,25,0,0,75,25
RIQUNA WILLIAMS,LAS,30,0.4,0.7,64.3,0.5,1,55,0.9,2.4,36,0.4,0.6,60,0.1,0.1,100,1.7,4.3,39.6,4.6,6.4,71.1,3.5,7.6,46.5,2.8,8.4,33,0.6,1.1,58.8,0.3,0.9,35.7,4.1,9.3,43.9,21,14,7,444,21.5,22.9,25.1,53.1,48.3,12.4,11.1,4.8,13.7,11.9,13.8,11.9,22,20,9.1,18.7,11.6,24.1,101.4,101,0.4,11.4,1.63,12.7,0.7,9,4.8,7.8,55.1,57,98.14,81.79,9.8,21.1,24.4,9,20.6,43.5,4.8,11.3,42.2,1.8,2,88.9,0.3,3.9,4.2,3.4,2.1,2.7,0.8,4.5,42.8,0,0,-0.2,49.1,45.2,54.8,34.4,16.3,58.4,14.5,7.2,31.7,18.1,36.8,63.2,95.3,4.7,67.9,32.1
RUTHY HEBARD,CHI,22,1.5,1.7,86.5,0.8,1.4,58.1,0.4,0.8,47.1,0,0,0,0,0,0,0,0,0,4.2,6.7,62.6,2.5,6.3,39.1,2.9,6.2,46,0.2,0.8,22.2,0.3,0.4,75,1.3,5.1,25,22,12,10,320,14.2,21.6,16.1,0,0,10,10.6,34.6,30.2,31,3.9,11.6,20.4,22.2,16,23.2,14.2,18.3,102.7,98.9,3.8,3.3,0.47,6.3,6.7,21,14.5,13.5,68.2,69.2,99.26,82.72,12.3,14.6,18.8,8.7,12.8,68.2,0,0,0,1.4,1.8,75,2.7,10.2,12.9,1.1,2.3,1.5,1.2,5.3,41.8,1,0,4.5,48.2,100,0,92.8,12.8,0,4.8,7.2,12,80,82.8,17.2,0,0,82.8,17.2
SABRINA IONESCU,NYL,23,1.3,1.3,100,2,4,50,0.7,2,33.3,0,0.3,0,0,0,0,2.3,6.3,36.8,4.3,6.3,68.4,7,14.7,47.7,6.3,17.3,36.5,0.7,1,66.7,0,1.5,0,4.3,10.7,40.6,3,0,3,80,29.4,35.2,30.7,53.8,40,43.5,34.5,11.8,19,17.5,48,28.9,18.2,0,0,13.3,32.5,38.2,83.2,98.3,-15,34.3,0.92,17.1,2.4,13.2,8,18.6,53.6,59.3,104.26,86.88,18.9,26.6,31.8,11,24.3,45.2,4,11.6,35,5.8,5.8,100,1.2,6.9,8.1,6.9,7.5,1.2,0,2.3,47.9,0,0,-15,46,52.4,47.6,43.6,7.3,38.2,3.6,18.2,18.2,36.4,8.3,91.7,28.6,71.4,15.8,84.2
SAMI WHITCOMB,SEA,32,0.7,1.1,60,0.4,1,42.9,0.3,0.5,60,0.1,0.2,33.3,0.1,0.4,33.3,1.3,3.4,38.7,4,6.1,65.7,1.9,6.3,30.4,2.7,7.1,38.2,0.5,1.3,40,0.2,0.8,23.1,2.1,7.7,27.2,22,18,4,363,20.2,21.5,22.9,44.4,43.1,15.1,11.9,6.1,18.5,15.9,22.3,17.7,19,7,20,19.1,14.5,22.4,105.2,92.9,12.2,19.4,2,20.5,1.2,11.6,6.8,10.2,55.7,59.5,100.53,83.77,12.4,16.5,23.5,8.2,18.5,44.3,4.2,11.1,38.1,2.9,2.9,100,0.5,6.1,6.6,5.8,2.9,2.1,0.4,4.1,44.8,0,0,11.4,48,40,60,33.7,6.7,53.9,14.6,12.4,21.9,27,36.7,63.3,96.9,3.1,67.7,32.3
SATOU SABALLY,DAL,22,1.7,2.6,64.3,1.4,3.8,38.3,0.3,0.9,28.6,0,0.2,0,0.3,0.3,100,0.6,3.8,16.7,7.1,10.5,67.3,6.4,13.8,46.6,4.3,11.4,37.7,0.8,1.4,55,0.4,0.8,44.4,3.1,9.1,34.2,16,5,11,451,23.9,20.9,22.9,14.1,21,42.9,40.8,39.8,32.3,34.4,24.4,23.5,14.3,42.4,35.3,22.3,37,24.4,98.7,106.2,-7.5,15.7,1.14,13.6,8.4,19.7,13.6,11.9,40.4,50.5,97.51,81.26,12.1,28.2,24.1,7.3,19.8,36.8,1.4,7.2,19.7,8.1,9.3,87.2,4.5,9,13.5,4.3,3.8,1.4,1.5,5.4,51.8,5,0,-6.2,48.9,63.7,36.3,48.6,3.6,17.6,4.1,33.8,14.4,45,42.6,57.4,76.9,23.1,49.3,50.7
SEIMONE AUGUSTUS,LAS,36,0.1,0.1,100,0.3,0.7,42.9,1.6,3.4,46.5,0,0,0,0,0,0,0.6,1,54.5,3.6,5.4,67.3,2.4,6,39.4,1.7,5.9,29.3,0.6,1.1,53.8,0.4,0.5,71.4,3,7.5,39.9,21,15,6,332,16.2,19.1,18.9,23.1,15.1,3.9,4.6,6.8,16.3,14.6,14.5,8.7,14.8,6.9,0,13.9,4.2,17.2,104.5,96.4,8.1,10.9,3.13,17.1,0.9,10.6,5.8,5.5,54.5,55,99.56,82.97,9.5,15.8,18,7.8,16,49.1,1.7,3.2,54.5,0.6,0.9,66.7,0.4,4.9,5.4,3.6,1.2,1.7,0.3,2.9,34.8,0,0,8.4,48.1,80,20,67.7,53.2,29,1.6,3.2,18.5,14.5,76.2,23.8,91.7,8.3,79.6,20.4
SHEKINNA STRICKLEN,ATL,30,0.1,0.5,27.3,0.2,0.6,38.5,0.3,0.7,40,0,0.1,0,0,0.1,0,1.5,4.4,34.4,4.5,6.9,64.9,4.7,9.8,48.4,4.3,8.5,51.1,0.4,0.9,46.7,0.5,1.5,35.3,2.9,10,28.5,22,7,15,477,13.9,12.6,16.4,45.8,47.4,5.9,4.5,3.6,13.2,10.6,6.9,7.9,8.8,3.2,13.5,18.6,4.7,14.2,98.4,107.2,-8.7,4.3,0.93,8.2,0.8,8.5,4.5,8.8,46,47.7,97.11,80.93,3,21.7,14,4.9,14.3,34.1,3.4,10.2,33.3,0.8,0.8,100,0.4,3.9,4.3,1.4,1.6,0.7,0.1,4.5,22.3,0,0,-8.4,49.4,28.3,71.7,20.7,8.9,73.3,7.4,5.9,20.7,11.9,50,50,97,3,83,17
SHENISE JOHNSON,MIN,30,0.3,0.9,31.3,0.6,1.8,33.3,0.4,1.1,36.8,0,0,0,0,0,0,0.4,0.9,37.5,3.2,4.4,72,1.9,4.2,45.8,1.9,4.6,40.5,0.6,1.5,41.7,0.2,1,16.7,1.6,5.4,30.8,17,11,6,212,22.8,19.2,23.8,17.1,18.3,28.7,25.5,18.2,18.3,18.2,26.6,24.4,35.6,6.7,23.8,18.8,26.8,21,95,101.8,-6.9,17.8,1.05,15.6,4.8,12,8.3,14.8,37.8,46.1,98.53,82.11,8.6,12.5,20,6.4,18.8,34.1,1.4,3.9,35.3,5.7,6.4,89.3,2.3,5.3,7.6,4.8,4.6,3.7,0.2,4.1,43.4,0,0,-6.2,48.5,79.3,20.7,50.6,16.1,20.7,12.6,28.7,21.8,34.5,22.7,77.3,83.3,16.7,35.7,64.3
SHEY PEDDY,PHO,32,0.4,0.5,66.7,0.5,0.9,53.3,0.1,0.3,20,0.1,0.1,100,0,0,0,0.2,1.9,9.4,4.5,7,64.7,1.9,6,31.4,1.8,5.1,34.5,0.1,0.6,25,0.3,1,33.3,1.7,5.9,28.7,17,9,8,256,15.1,11.8,15,10,20.2,18.2,15.4,18.4,15.7,16.3,29.7,17,35.8,3.7,30.8,17.3,16,13.3,91.1,93.2,-2.1,21.1,2,25.2,3.3,9.9,6.6,12.6,33.3,44,99.4,82.84,9.4,15.1,12.1,3.6,11.9,30.2,0.8,6.4,11.8,4.2,4.2,100,1.7,4.9,6.6,5.7,2.8,3.6,0.2,4.2,37,0,0,-2.1,48.3,46,54,46.9,3.1,18.8,6.3,34.4,28.1,43.8,13.3,86.7,100,0,31.6,68.4
SOPHIE CUNNINGHAM,PHO,24,0.6,1,61.9,0.4,0.6,61.5,0.1,0.3,33.3,0.1,0.3,40,0.1,0.2,33.3,0.4,2,20.9,5.1,7.4,69,3.6,9.8,36.4,2.5,7.3,34,0.2,0.7,33.3,0.4,1.2,33.3,2,7.2,27.6,21,12,9,396,12.5,11.6,13.7,15.2,20.6,12.1,11.3,12.5,5.1,6.7,7.9,10.3,14.9,6.7,20,23.4,10.7,12.1,103.6,95.3,8.3,6,1.07,12.1,2.3,3.1,2.7,11.4,45.1,51,100.53,83.77,2.3,18.8,12.5,4.2,10.9,38.5,1.4,6.1,23.5,2.6,3,88,1.1,1.6,2.6,1.9,1.8,1.3,0.4,5.5,21.8,0,0,9.2,47.5,44,56,44.2,3.8,34.6,18.3,21.2,16.3,40.4,78.3,21.7,91.7,8.3,82.9,17.1
STEFANIE DOLSON,CHI,29,0.8,0.9,85.7,0.5,1.1,43.8,0.3,0.6,44.4,0,0,0,0,0,0,0.8,2.1,37.5,4.7,7.6,62.3,3.5,8.7,40.8,3.1,7.7,40,0.7,1.2,54.5,0.2,0.6,28.6,2.5,6.8,37.3,15,8,7,273,15.1,14.6,15,20.3,19,18.9,20,26.8,22.9,23.6,15.8,15,14.6,41.9,5.3,35.8,16.3,15.7,108.5,101.2,7.3,12.2,1.67,21,4.6,14.9,10.1,12.6,57.7,60.5,100.68,83.9,7.3,18.2,17,6.2,12.6,49.3,2.1,5.7,37.5,2.5,3.4,73.7,1.9,7.3,9.2,4.4,2.7,1.1,2.3,8.5,42.1,0,0,4.2,48.4,54.9,45.1,47.9,8.3,37.5,0,14.6,4.2,39.6,69.6,30.4,100,0,80,20
STELLA JOHNSON,WAS,22,0.6,0.9,62.5,0.3,1.1,22.2,0,0.4,0,0,0,0,0,0,0,1.1,1.8,64.3,3.1,4.2,73.7,2.3,4.1,54.5,2.7,5.7,47.5,0.3,0.7,50,1,1,100,2.4,4.6,51.4,9,3,6,100,16.8,18.4,19.1,36,24.1,13.9,10.9,12.1,18.6,15.8,19,11.1,31.6,33.3,0,26.8,17.4,19.6,119.3,122.7,-3.4,16.9,3,23.1,4.1,12.1,7.3,7.7,60.3,63.5,93.82,78.19,9.8,11.1,23.4,8.1,17.3,47.1,4.6,7.1,64.3,2.5,2.5,100,2,4.1,6.1,6.1,2,3,1,5.6,49.9,0,0,-1.5,50.8,58.8,41.2,30.4,0,58.7,6.5,10.9,19.6,30.4,71.4,28.6,100,0,87.5,12.5
STEPHANIE MAVUNGA,CHI,25,0.7,0.8,87.5,0.4,1,40,0.2,0.6,33.3,0,0,0,0,0,0,0,0.5,0,3,4.5,66.7,1.5,3.2,46.9,1.8,5.1,35.3,0.3,0.8,33.3,0,1,0,1.4,4.1,34.1,10,2,8,95,19.1,18.8,18.5,0,10.6,23.7,25.6,41.7,33.8,35.9,11.9,23.4,7.7,50,33.3,25.6,22.5,18.4,95,108.1,-13.1,8.9,0.45,10,11,22.8,17.2,22,44.8,51.7,100.23,83.53,9.2,9.5,17.5,6.5,14.5,44.8,0,2.5,0,4.5,5.5,81.8,5,11.5,16.5,2.5,5.5,0.5,1,5.5,40.1,0,0,-12,47.7,82.8,17.2,74.3,11.4,0,0,25.7,8.6,62.9,69.2,30.8,0,0,69.2,30.8
SUE BIRD,SEA,40,0.3,0.4,75,0.3,0.4,75,1.1,2.4,46.2,0.3,0.3,100,0.1,0.1,100,1.7,4.1,42.2,4.9,8.1,60.7,4.1,10.5,38.8,3.6,9.3,39.2,0.5,1.3,38.5,0.6,1.2,45.5,3.3,11,29.8,11,10,1,257,17.6,17.8,18.7,32.9,31,3.4,3.8,2,10.1,8.3,33.3,19.8,10.9,7.4,6.3,10.7,5.9,17.4,118.6,93,25.6,30.2,3.17,35.6,0.5,6.7,3.9,11.3,63.3,63.7,97.87,81.56,12,23.4,20.7,7.9,15.9,49.4,4.4,9.4,46.9,0.6,0.8,75,0.2,3.4,3.6,10.9,3.4,1.3,0.4,1.7,43.2,0,0,24.7,49.3,41,59,33.3,22.2,63.9,7.4,2.8,19.4,11.1,44.4,55.6,87,13,68.3,31.7
SUG SUTTON,WAS,22,0.2,0.2,100,0.1,0.5,16.7,0.3,0.7,50,0,0,0,0,0,0,0.4,1.3,31.3,1.7,2.8,61.3,1.4,3.3,43.6,1.7,3.5,47.6,0,0,0,0.5,1.5,33.3,1.6,3.6,44.2,12,6,6,113,17.1,16.4,19.3,19.2,25,15.6,17.5,0,16.4,11.7,25,12,4.5,0,44.4,18.3,19,16.7,94.4,101.3,-6.9,19.7,2,22.2,0,10,4.7,11.1,43.9,47.1,93.15,77.63,5.1,9.4,15.7,5.6,15.3,36.4,2.3,7.9,29.4,2.3,3.2,71.4,0,4.2,4.2,5.6,2.8,0.5,0,5.1,27.7,0,0,-10.2,52.4,48.5,51.5,41.2,23.5,44.1,5.9,14.7,26.5,17.6,42.9,57.1,100,0,66.7,33.3
SUGAR RODGERS,LVA,31,0,0.1,50,0.1,0.5,30,0.1,0.2,40,0,0,0,0.1,0.2,50,0.9,2.7,31.7,3,4,75.9,1.7,5,33.6,1.5,4.7,31.7,0.3,0.8,40,0,0.5,0,1.9,5.7,32.8,22,18,4,265,16.1,12.9,18.5,54.1,61,2.5,2.8,7.1,13,12,25.2,17.8,13,16.7,11.8,22.5,3.9,13.4,101.1,91.1,10,17.6,1.94,23.8,1.2,8.9,5.3,12.3,44.4,45.3,99.96,83.3,5.3,12,13.5,4.7,14.6,32.1,3.6,11.6,31.3,0.5,0.7,75,0.5,4.5,5.1,5.6,2.9,1.3,0.5,4.5,30.5,0,0,10.8,47.8,21,79,16,5.3,80,6.7,4,13.3,10.7,16.7,83.3,75,25,61.5,38.5
SYDNEY COLSON,CHI,31,0.1,0.1,50,0.2,0.5,37.5,0.1,0.1,100,0,0,0,0,0,0,0.2,0.5,33.3,1.6,2.1,76.5,1.4,3.1,44,1.2,2.3,51.3,0.3,0.8,40,0.5,0.5,100,0.7,2.7,26.1,17,8,9,110,15.7,11.4,12.3,23.1,17.3,24.1,22.2,6.3,9,8.4,27.5,28.6,27.3,0,7.7,24.1,20.9,14,87.3,98.8,-11.4,20,1,26.4,1,6,3.6,26.4,50,57.1,102.02,85.01,4,6.5,12.2,3.9,9.2,42.9,1.3,3.9,33.3,3.1,3.5,87.5,0.4,2.6,3.1,6.1,6.1,2.6,0,5.7,26.8,0,0,-16.2,48.2,57.1,42.9,42.9,14.3,32.1,0,25,25,28.6,16.7,83.3,100,0,44.4,55.6
SYDNEY WIESE,LAS,25,0.9,1.2,73.9,0.1,0.5,22.2,0.2,0.4,37.5,0.1,0.1,100,0,0.1,0,1.2,2.6,46,4.8,6.6,73,2.6,7.5,35.2,3.6,8.7,41,0.2,0.8,27.3,0.2,0.7,30,2.7,7.5,36.4,19,14,5,363,14.4,16.7,15.8,34.7,31,8.1,7,9.1,12,11.5,12.6,15.5,13.6,7.7,11.5,10.3,10.1,16.9,102.9,97.3,5.6,9.4,1,15.6,1.5,8.1,4.9,15.6,64,66.1,99.07,82.56,8.7,19.1,17.4,6.3,12.4,50.5,3.3,7.1,47.2,1.5,1.6,91.7,0.7,3.7,4.4,2.9,2.9,1.5,0.3,2.3,29.4,0,0,5.1,48.6,43,57,33.8,4.6,57.7,6.2,8.5,23.1,29.2,72.7,27.3,84,16,78.7,21.3
SYLVIA FOWLES,MIN,35,3.8,4.8,79.3,2.3,4.1,55.2,0,0.9,0,0,0,0,0,0,0,0,0,0,5,6.3,78.9,3,8.6,35,4.6,12.4,36.8,1,1.8,55.6,0.5,1.2,42.9,3.1,11.3,27.8,7,5,2,168,22.6,31.5,23.6,0,0,33.3,34.1,50,39.5,42.2,7.5,13.6,18.2,57.1,23.5,25.7,28.2,29.8,103,91.9,11.1,7.1,0.75,6.5,13.8,27.3,21,8.7,60.9,66.4,94.59,78.82,22.7,24.1,30.7,11.7,19.3,60.9,0,0,0,7.2,8.7,82.8,6.3,14.2,20.5,1.8,2.4,1.8,2.4,5.4,68.3,4,0,11.1,50.7,100,0,76.5,0,0,0,23.5,24.5,76.5,71.8,28.2,0,0,71.8,28.2
TE'A COOPER,LAS,23,1.2,1.9,62.2,0.6,1.4,42.9,0.3,0.8,31.3,0.1,0.5,16.7,0,0,0,0.5,1.3,38.5,4.1,5.8,70.4,3.1,7.2,42.4,2.2,6.4,34.4,0.4,0.9,41.7,0.3,0.7,50,2.4,7.2,33.3,20,14,6,345,19.7,18.3,19.7,19.3,20.5,25.5,27,3.6,8.5,7.5,24,22,16.5,0,28.6,22.4,35,19.4,99.7,96.5,3.2,17.6,1.38,20.4,0.6,5.5,3.1,14.8,50,54.3,99.35,82.79,6.5,17.2,19.4,7.1,15.8,45.1,1.5,4.5,34.4,3.6,4.7,76.5,0.3,2.5,2.8,5.6,4,1.8,0,5.4,32.5,0,0,4.2,48.1,71.7,28.3,57.6,7.2,23.7,19.4,18.7,29.5,50.4,40,60,100,0,52.9,47.1
TEAIRA MCCOWAN,IND,24,2.3,3.2,71.8,1.5,3.4,45.9,0.2,0.9,25,0,0,0,0,0,0,0,0.1,0,6.1,9.7,63.1,3.8,9.4,40.6,3.1,8.2,37.8,0.6,1,58.8,0.1,0.6,20,2.8,7.8,36.3,22,6,16,461,22.8,26.5,21.5,0,1.4,30.2,32.8,53.9,32.7,39.4,6.4,24,11.9,51.2,31.1,27.1,32.5,25.2,102.4,109.5,-7.2,5.6,0.33,5.3,14.9,20.2,17.5,16.3,53.6,59.1,97.22,81.02,12.9,20.9,25.8,9.7,18,53.6,0,0.3,0,6.4,8.6,75,7.4,9.9,17.3,1.5,4.6,0.8,2.4,6.2,53.5,5,0,-7.6,49.5,98.2,1.8,75,4.2,0,0,25,16.7,70.8,71.1,28.9,0,0,71.1,28.9
THERESA PLAISANCE,CON,28,0.1,0.1,100,0.3,0.5,66.7,0.1,0.4,20,0,0,0,0,0,0,0.4,1.3,29.4,2.1,2.9,71.9,1.5,3.3,46.5,0.8,2.2,39.3,0.8,0.8,100,0.3,1,33.3,1.1,2.8,38.9,13,4,9,90,15.8,18.3,18.6,35.7,32.7,16.1,15.4,10.5,22.9,19.4,2.4,6.7,26.3,42.9,9.1,46.5,18.9,19.4,91.2,108.4,-17.2,2,0.5,2.9,2,14.1,7.3,5.9,46.6,50.6,98.7,82.25,3.4,7,17.7,6.1,16,37.9,2.8,9.4,29.4,2.8,3.3,83.3,1.1,6.1,7.2,0.6,1.1,2.8,1.7,11,39.3,0,0,-23.2,50,41.4,58.6,37.5,6.3,46.9,0,15.6,31.3,31.3,83.3,16.7,100,0,90.9,9.1
TIANNA HAWKINS,WAS,29,1.3,1.6,80,0.6,1.8,36.7,0.3,1.1,27.8,0,0.1,0,0,0,0,1,3.3,30.4,4.6,6.3,74,3.4,8.6,39.7,3,7.5,39.8,0.2,0.5,33.3,0.3,0.8,44.4,2.8,7.6,37.2,17,5,12,329,21.4,25.4,23.4,29.3,26.6,21.4,21.3,17.9,25.8,23.7,11.6,16.3,22.6,28.6,22.7,29.3,20.5,25,87.9,101.4,-13.5,10.9,0.85,9.6,3.4,16.4,9.2,11.2,47.3,51.3,96.35,80.29,9.2,19.3,22,8,19.7,40.8,2.6,8.6,29.8,3.3,3.9,84.6,1.8,7.3,9.1,2.6,3,2.1,0.9,6.7,42.9,1,0,-13.7,49.9,56.2,43.8,49.7,6.9,35.2,2.8,15.2,14.5,42.8,77.8,22.2,100,0,84.9,15.1
TIFFANY MITCHELL,IND,26,1.1,2,55.3,0.9,2.3,40.9,0.9,3.1,30.5,0.1,0.3,40,0.1,0.2,50,0.7,3.5,21.2,7.4,11.9,62.1,5.5,11.5,47.7,3.7,10.9,34.1,0.6,1,64.7,0.1,0.6,12.5,3.4,9.7,35.1,19,5,14,502,24.8,20.6,25.7,22.4,31.6,35.6,31.5,13.9,16.2,15.6,21.9,22.7,18.5,4.8,25,20.6,29.8,24,98,105.9,-7.9,17.2,1.09,14.4,3.1,10.1,6.6,13.2,38.6,48.5,98.05,81.71,7.7,26.4,23.5,7.2,20.8,34.6,1.6,7.1,23.3,7.5,7.9,95.1,1.5,4.8,6.3,4.8,4.4,1.2,0.2,4.8,37.9,0,0,-6.9,48.7,65.9,34.1,47.1,14.9,21.1,4.1,31.8,8.7,32.2,42.1,57.9,76.5,23.5,50,50
TYASHA HARRIS,DAL,22,0.5,0.8,58.8,0.7,1.2,53.8,0.6,1.3,42.9,0.1,0.2,33.3,0,0.1,0,0.9,2.5,34.6,5.3,7.5,70.3,4,9.2,42.8,2.5,6.7,37.9,0.7,1.2,57.1,0.2,0.7,23.1,2.4,7.1,34,21,7,14,412,16.1,18.9,17.7,20.7,19.1,9.5,12.2,0,11,8,38.7,14.2,21.4,10,12.1,18.9,12.9,17.4,98.6,105.5,-7,24.6,3.22,27.4,0,6.7,3.1,8.5,50.8,52.3,97.11,80.92,8.2,19.6,17.1,6.6,15.2,43.3,2.3,6.7,33.9,1.7,2.6,63.6,0,3.1,3.1,7,2.2,2.2,0.4,4.3,36.7,0,0,-6.8,49.4,55.9,44.1,50.3,16.8,39.9,13.3,9.8,20.3,33.6,19.4,80.6,68.4,31.6,36.4,63.6
VICTORIA VIVIANS,IND,26,0.3,0.5,66.7,0.7,1.3,50,0.3,1.2,28.6,0.3,0.7,50,0,0,0,0.2,1.5,11.1,3.8,5.3,71.9,3.8,7.2,53.5,1.7,6.7,25,0.3,1.3,25,0,0.3,0,2,5.3,37.5,6,3,3,85,18.1,14.7,19.6,10.5,22,16.7,16.3,8.3,20.3,16.9,7.7,17.1,16.7,0,100,36.6,14.3,14.7,108.8,107.2,1.7,5.2,0.5,7.3,2.4,14,8.2,14.6,37.9,44.6,102,85,1.7,14.2,16,5.5,16,34.5,1.1,6.1,18.2,3.9,4.4,87.5,1.1,6.6,7.7,1.7,3.3,0.6,0,8.3,26.1,0,0,1.7,47.1,62.1,37.9,55.2,13.8,20.7,0,24.1,6.9,41.4,37.5,62.5,50,50,40,60
AVERY WARLEY-TALBERT,LVA,33,NA,NA,NA,NA,NA,NA,NA,NA,NA,NA,NA,NA,NA,NA,NA,NA,NA,NA,2.3,2.3,100,1.7,2.7,62.5,1.7,3.7,45.5,1,2,50,0,0,0,2,5.3,37.5,3,1,2,24,16.4,15,17.5,0,0,15.4,18.8,62.5,18.8,33.3,23.1,20,0,0,50,54.5,46.7,13.6,111.3,115.1,-3.8,17.6,1.5,23.1,21.7,15,18.6,15.4,42.9,48.1,104.12,86.77,3.3,8.1,15.1,5.7,13.2,42.9,0,0,0,3.8,5.7,66.7,9.4,5.7,15.1,5.7,3.8,0,0,11.3,37.9,0,0,-3.8,46.1,100,0,75,0,0,0,25,0,75,33.3,66.7,0,0,33.3,66.7
KALEENA MOSQUEDA-LEWIS,CON,27,NA,NA,NA,NA,NA,NA,NA,NA,NA,NA,NA,NA,NA,NA,NA,NA,NA,NA,3.2,4.6,68.9,1.7,3.8,44.3,1.3,3.6,35.2,0.2,1,16.7,0.3,0.9,28.6,1.8,4.4,40.8,16,5,11,164,18.9,19,23.5,42.9,49,5.6,6.8,3.2,20,16,6.3,11.7,9.4,7.7,22.2,17.7,9.3,18.1,86.9,109.2,-22.3,4.9,0.57,5.1,0.5,12.8,6.2,9,39.1,40.3,101.53,84.61,2.1,10.2,15.7,5.5,18.6,29.7,3.5,13.7,25.5,1.2,2,57.1,0.3,5.8,6.1,1.2,2,0.9,0.3,4.9,26.2,0,0,-23.8,47.6,26.6,73.4,25.9,11.1,66.7,0,7.4,22.2,14.8,85.7,14.3,100,0,94.7,5.3
KARIMA CHRISTMAS-KELLY,MIN,31,NA,NA,NA,NA,NA,NA,NA,NA,NA,NA,NA,NA,NA,NA,NA,NA,NA,NA,2.5,3.5,71.4,2.5,7.5,33.3,3.5,7,50,1,1,100,0,0,0,0,3,0,2,1,1,25,23.8,7.1,16.3,0,27.3,50,47.1,14.3,25,22.2,14.3,44.4,42.9,33.3,50,18.2,46.7,20.9,79.6,85.2,-5.6,7.7,0.25,6.3,3.4,18.5,10.7,25,14.3,42.8,103.27,86.06,9.9,12.5,16.7,1.9,13,14.3,0,5.6,0,13,14.8,87.5,1.9,9.3,11.1,1.9,7.4,5.6,1.9,3.7,47.6,0,0,-5.6,46.5,57.1,42.9,22.2,0,0,0,77.8,0,22.2,0,100,0,0,0,100
MYISHA HINES-ALLEN,WAS,24,NA,NA,NA,NA,NA,NA,NA,NA,NA,NA,NA,NA,NA,NA,NA,NA,NA,NA,6.4,8.8,72.5,5.8,12.5,46.7,4.5,11.6,38.4,0.3,1,25,0.6,1.1,50,4.8,13.1,36.7,22,9,13,659,25.3,29,26.4,18.3,16,24.7,24.5,31.8,39.6,37.9,16.7,23.2,25.4,13.9,28.6,23.9,26.6,27.3,105.4,100.7,4.7,15.5,1.19,13.5,5.6,26.8,16,11.3,55.4,58.5,95.21,79.34,16.5,29.9,28.8,11.5,22.6,51,2,4.7,42.6,3.7,4.5,82.8,2.7,12.3,15,4.4,3.7,2.5,0.4,4.8,58.2,10,0,3.7,50.7,79.3,20.7,66.3,10.2,20.9,4.8,12.8,21.9,56.1,59.7,40.3,88.5,11.5,64.7,35.3
SHATORI WALKER-KIMBROUGH,PHO,25,NA,NA,NA,NA,NA,NA,NA,NA,NA,NA,NA,NA,NA,NA,NA,NA,NA,NA,5.6,8.6,65.6,2.9,8.2,35.5,3,8.3,36.6,0.1,0.4,25,0.2,1.1,20,2.7,7.8,34.8,21,12,9,400,17.2,18.2,19,23.9,20.4,14.4,13.2,8.7,10.9,10.4,17,13.5,29.1,12.7,21.6,13.7,15.7,18.1,102.1,96.6,5.4,13.2,1.52,16.8,1.6,6.5,4.2,11.1,51.6,55.8,99.79,83.16,9.6,19,18.5,6.5,15.2,42.9,2.7,6.2,43.1,2.8,3,92,0.7,3.4,4.1,3.9,2.5,2.8,1,2.9,37.9,0,0,4.5,48.3,59.5,40.5,41.8,15.7,43.1,20.9,15,32.7,26.1,46.9,53.1,81.8,18.2,61.1,38.9
SKYLAR DIGGINS-SMITH,PHO,30,NA,NA,NA,NA,NA,NA,NA,NA,NA,NA,NA,NA,NA,NA,NA,NA,NA,NA,8.5,12.8,66.7,5.2,14.2,36.4,4.9,12.2,40.1,0.4,0.7,50,0.5,1.2,39.1,4.4,13,34,22,13,9,675,24.3,25.1,23.9,33.6,29,31.5,28.8,8.8,14.2,13,27.8,25.7,17.9,12.1,20,14.9,24.4,27.2,103,105.4,-2.3,24.5,1.33,19.7,1.7,8.9,5.4,14.8,56,62.5,99.39,82.83,13.1,30.7,28,9.1,19.2,47.4,3.3,8.3,39.7,6.5,7.2,90,0.8,4.5,5.2,6.7,5,1.4,0.8,3.6,46,0,0,-2.9,48.4,56.7,43.3,41.5,7.2,35.4,5.1,23.1,17.4,34.4,35.8,64.2,69.6,30.4,48,52
TIERRA RUFFIN-PRATT,LAS,29,NA,NA,NA,NA,NA,NA,NA,NA,NA,NA,NA,NA,NA,NA,NA,NA,NA,NA,2.9,3.9,74.6,2.4,6.3,37.6,2.6,6.9,38.2,0.4,1,36.4,0.3,1.1,30,3.1,6.9,44.5,17,12,5,246,12.2,6.5,11.2,15.4,12.6,18.1,19.5,24.3,17.2,18.6,14.7,12,19.6,18.8,18.2,27.7,17.8,9.5,102,97.7,4.3,8.7,1.67,18.3,3.9,11.3,7.6,11,33.3,43.4,99.27,82.72,3.7,14.5,9.7,2.4,8.9,26.7,1.2,2.6,46.2,3.8,5.2,73.1,1.8,5.4,7.1,3,1.8,2.2,0.6,5.6,29.3,0,0,2.4,48.8,71.1,28.9,24.5,8.2,36.7,4.1,38.8,32.7,16.3,33.3,66.7,100,0,66.7,33.3
